model,opponent,seed,seat,own_health,opp_health,legacy_outcome
cem_original,cem_original,40000000,red,1.0,1.0,timeout
cem_original,cem_original,40000001,red,1.0,1.0,timeout
cem_original,cem_original,40000002,red,1.0,1.0,timeout
cem_original,cem_original,40000003,red,0.901,1.0,timeout
cem_original,cem_original,40000004,red,1.0,1.0,timeout
cem_original,cem_original,40000005,red,1.0,1.0,timeout
cem_original,cem_original,40000006,red,1.0,1.0,timeout
cem_original,cem_original,40000007,red,1.0,1.0,timeout
cem_original,cem_original,40000008,red,1.0,1.0,timeout
cem_original,cem_original,40000009,red,1.0,1.0,timeout
cem_original,cem_original,40000010,red,0.9505,1.0,timeout
cem_original,cem_original,40000011,red,1.0,1.0,timeout
cem_original,cem_original,40000012,red,1.0,1.0,timeout
cem_original,cem_original,40000013,red,1.0,0.9175,timeout
cem_original,cem_original,40000014,red,1.0,1.0,timeout
cem_original,cem_original,40000015,red,1.0,1.0,timeout
cem_original,cem_original,40000016,red,1.0,1.0,timeout
cem_original,cem_original,40000017,red,1.0,0.835,timeout
cem_original,cem_original,40000018,red,1.0,1.0,timeout
cem_original,cem_original,40000019,red,1.0,1.0,timeout
cem_original,cem_original,40000020,red,1.0,0.868,timeout
cem_original,cem_original,40000021,red,1.0,0.7525,timeout
cem_original,cem_original,40000022,red,1.0,1.0,timeout
cem_original,cem_original,40000023,red,1.0,1.0,timeout
cem_original,cem_original,40000024,red,1.0,0.8515,timeout
cem_original,cem_original,40000025,red,1.0,1.0,timeout
cem_original,cem_original,40000026,red,1.0,1.0,timeout
cem_original,cem_original,40000027,red,1.0,1.0,timeout
cem_original,cem_original,40000028,red,0.9175,1.0,timeout
cem_original,cem_original,40000029,red,0.769,1.0,timeout
cem_original,cem_original,40000030,red,1.0,1.0,timeout
cem_original,cem_original,40000031,red,0.967,1.0,timeout
cem_original,cem_original,40000032,red,0.736,1.0,timeout
cem_original,cem_original,40000033,red,1.0,1.0,timeout
cem_original,cem_original,40000034,red,1.0,1.0,timeout
cem_original,cem_original,40000035,red,1.0,1.0,timeout
cem_original,cem_original,40000036,red,0.901,1.0,timeout
cem_original,cem_original,40000037,red,1.0,1.0,timeout
cem_original,cem_original,40000038,red,0.67,1.0,timeout
cem_original,cem_original,40000039,red,1.0,1.0,timeout
cem_original,cem_original,40000000,blue,1.0,1.0,timeout
cem_original,cem_original,40000001,blue,1.0,1.0,timeout
cem_original,cem_original,40000002,blue,1.0,1.0,timeout
cem_original,cem_original,40000003,blue,1.0,0.901,timeout
cem_original,cem_original,40000004,blue,1.0,1.0,timeout
cem_original,cem_original,40000005,blue,1.0,1.0,timeout
cem_original,cem_original,40000006,blue,1.0,1.0,timeout
cem_original,cem_original,40000007,blue,1.0,1.0,timeout
cem_original,cem_original,40000008,blue,1.0,1.0,timeout
cem_original,cem_original,40000009,blue,1.0,1.0,timeout
cem_original,cem_original,40000010,blue,1.0,0.9505,timeout
cem_original,cem_original,40000011,blue,1.0,1.0,timeout
cem_original,cem_original,40000012,blue,1.0,1.0,timeout
cem_original,cem_original,40000013,blue,0.9175,1.0,timeout
cem_original,cem_original,40000014,blue,1.0,1.0,timeout
cem_original,cem_original,40000015,blue,1.0,1.0,timeout
cem_original,cem_original,40000016,blue,1.0,1.0,timeout
cem_original,cem_original,40000017,blue,0.835,1.0,timeout
cem_original,cem_original,40000018,blue,1.0,1.0,timeout
cem_original,cem_original,40000019,blue,1.0,1.0,timeout
cem_original,cem_original,40000020,blue,0.868,1.0,timeout
cem_original,cem_original,40000021,blue,0.7525,1.0,timeout
cem_original,cem_original,40000022,blue,1.0,1.0,timeout
cem_original,cem_original,40000023,blue,1.0,1.0,timeout
cem_original,cem_original,40000024,blue,0.8515,1.0,timeout
cem_original,cem_original,40000025,blue,1.0,1.0,timeout
cem_original,cem_original,40000026,blue,1.0,1.0,timeout
cem_original,cem_original,40000027,blue,1.0,1.0,timeout
cem_original,cem_original,40000028,blue,1.0,0.9175,timeout
cem_original,cem_original,40000029,blue,1.0,0.769,timeout
cem_original,cem_original,40000030,blue,1.0,1.0,timeout
cem_original,cem_original,40000031,blue,1.0,0.967,timeout
cem_original,cem_original,40000032,blue,1.0,0.736,timeout
cem_original,cem_original,40000033,blue,1.0,1.0,timeout
cem_original,cem_original,40000034,blue,1.0,1.0,timeout
cem_original,cem_original,40000035,blue,1.0,1.0,timeout
cem_original,cem_original,40000036,blue,1.0,0.901,timeout
cem_original,cem_original,40000037,blue,1.0,1.0,timeout
cem_original,cem_original,40000038,blue,1.0,0.67,timeout
cem_original,cem_original,40000039,blue,1.0,1.0,timeout
cem_original,ddqn_s1,40000000,red,1.0,1.0,timeout
cem_original,ddqn_s1,40000001,red,1.0,1.0,timeout
cem_original,ddqn_s1,40000002,red,1.0,0.2905,timeout
cem_original,ddqn_s1,40000003,red,1.0,0.208,timeout
cem_original,ddqn_s1,40000004,red,1.0,0.802,timeout
cem_original,ddqn_s1,40000005,red,1.0,0.34,timeout
cem_original,ddqn_s1,40000006,red,1.0,0.0,kill
cem_original,ddqn_s1,40000007,red,1.0,0.868,timeout
cem_original,ddqn_s1,40000008,red,1.0,0.2245,timeout
cem_original,ddqn_s1,40000009,red,1.0,1.0,timeout
cem_original,ddqn_s1,40000010,red,1.0,1.0,timeout
cem_original,ddqn_s1,40000011,red,1.0,0.4885,timeout
cem_original,ddqn_s1,40000012,red,1.0,1.0,timeout
cem_original,ddqn_s1,40000013,red,1.0,0.67,timeout
cem_original,ddqn_s1,40000014,red,1.0,0.175,timeout
cem_original,ddqn_s1,40000015,red,1.0,0.2905,timeout
cem_original,ddqn_s1,40000016,red,1.0,1.0,timeout
cem_original,ddqn_s1,40000017,red,1.0,0.142,timeout
cem_original,ddqn_s1,40000018,red,1.0,1.0,timeout
cem_original,ddqn_s1,40000019,red,1.0,0.0,kill
cem_original,ddqn_s1,40000020,red,1.0,1.0,timeout
cem_original,ddqn_s1,40000021,red,1.0,0.6205,timeout
cem_original,ddqn_s1,40000022,red,1.0,0.307,timeout
cem_original,ddqn_s1,40000023,red,1.0,0.0925,timeout
cem_original,ddqn_s1,40000024,red,1.0,1.0,timeout
cem_original,ddqn_s1,40000025,red,1.0,0.0,kill
cem_original,ddqn_s1,40000026,red,1.0,0.6205,timeout
cem_original,ddqn_s1,40000027,red,1.0,1.0,timeout
cem_original,ddqn_s1,40000028,red,1.0,0.0,kill
cem_original,ddqn_s1,40000029,red,1.0,0.802,timeout
cem_original,ddqn_s1,40000030,red,1.0,0.142,timeout
cem_original,ddqn_s1,40000031,red,1.0,1.0,timeout
cem_original,ddqn_s1,40000032,red,1.0,0.3565,timeout
cem_original,ddqn_s1,40000033,red,1.0,1.0,timeout
cem_original,ddqn_s1,40000034,red,1.0,1.0,timeout
cem_original,ddqn_s1,40000035,red,1.0,1.0,timeout
cem_original,ddqn_s1,40000036,red,1.0,1.0,timeout
cem_original,ddqn_s1,40000037,red,1.0,1.0,timeout
cem_original,ddqn_s1,40000038,red,1.0,0.4555,timeout
cem_original,ddqn_s1,40000039,red,1.0,0.538,timeout
cem_original,ddqn_s1,40000000,blue,1.0,1.0,timeout
cem_original,ddqn_s1,40000001,blue,1.0,0.0,kill
cem_original,ddqn_s1,40000002,blue,1.0,0.142,timeout
cem_original,ddqn_s1,40000003,blue,1.0,1.0,timeout
cem_original,ddqn_s1,40000004,blue,1.0,0.2575,timeout
cem_original,ddqn_s1,40000005,blue,1.0,0.6535,timeout
cem_original,ddqn_s1,40000006,blue,1.0,1.0,timeout
cem_original,ddqn_s1,40000007,blue,1.0,0.0,kill
cem_original,ddqn_s1,40000008,blue,1.0,0.868,timeout
cem_original,ddqn_s1,40000009,blue,1.0,1.0,timeout
cem_original,ddqn_s1,40000010,blue,1.0,1.0,timeout
cem_original,ddqn_s1,40000011,blue,1.0,0.307,timeout
cem_original,ddqn_s1,40000012,blue,1.0,1.0,timeout
cem_original,ddqn_s1,40000013,blue,1.0,1.0,timeout
cem_original,ddqn_s1,40000014,blue,1.0,0.3565,timeout
cem_original,ddqn_s1,40000015,blue,1.0,0.373,timeout
cem_original,ddqn_s1,40000016,blue,1.0,0.0,kill
cem_original,ddqn_s1,40000017,blue,1.0,1.0,timeout
cem_original,ddqn_s1,40000018,blue,1.0,0.0,kill
cem_original,ddqn_s1,40000019,blue,1.0,0.241,timeout
cem_original,ddqn_s1,40000020,blue,1.0,1.0,timeout
cem_original,ddqn_s1,40000021,blue,1.0,0.142,timeout
cem_original,ddqn_s1,40000022,blue,1.0,0.9175,timeout
cem_original,ddqn_s1,40000023,blue,1.0,0.0,kill
cem_original,ddqn_s1,40000024,blue,1.0,0.175,timeout
cem_original,ddqn_s1,40000025,blue,1.0,1.0,timeout
cem_original,ddqn_s1,40000026,blue,1.0,0.34,timeout
cem_original,ddqn_s1,40000027,blue,1.0,1.0,timeout
cem_original,ddqn_s1,40000028,blue,1.0,0.1585,timeout
cem_original,ddqn_s1,40000029,blue,1.0,0.4885,timeout
cem_original,ddqn_s1,40000030,blue,1.0,0.6535,timeout
cem_original,ddqn_s1,40000031,blue,1.0,0.472,timeout
cem_original,ddqn_s1,40000032,blue,1.0,1.0,timeout
cem_original,ddqn_s1,40000033,blue,1.0,0.3235,timeout
cem_original,ddqn_s1,40000034,blue,1.0,1.0,timeout
cem_original,ddqn_s1,40000035,blue,1.0,0.439,timeout
cem_original,ddqn_s1,40000036,blue,1.0,0.4225,timeout
cem_original,ddqn_s1,40000037,blue,1.0,0.0,kill
cem_original,ddqn_s1,40000038,blue,1.0,0.142,timeout
cem_original,ddqn_s1,40000039,blue,1.0,0.769,timeout
cem_original,ace,40000000,red,0.307,0.0,kill
cem_original,ace,40000001,red,0.307,0.0,kill
cem_original,ace,40000002,red,0.3235,0.0,kill
cem_original,ace,40000003,red,0.3235,0.0,kill
cem_original,ace,40000004,red,0.2905,0.0,kill
cem_original,ace,40000005,red,0.3235,0.0,kill
cem_original,ace,40000006,red,0.307,0.0,kill
cem_original,ace,40000007,red,0.3235,0.0,kill
cem_original,ace,40000008,red,0.307,0.0,kill
cem_original,ace,40000009,red,0.241,0.0,kill
cem_original,ace,40000010,red,0.307,0.0,kill
cem_original,ace,40000011,red,0.307,0.0,kill
cem_original,ace,40000012,red,0.307,0.0,kill
cem_original,ace,40000013,red,0.2905,0.0,kill
cem_original,ace,40000014,red,0.3235,0.0,kill
cem_original,ace,40000015,red,0.3235,0.0,kill
cem_original,ace,40000016,red,0.3235,0.0,kill
cem_original,ace,40000017,red,0.2575,0.0,kill
cem_original,ace,40000018,red,0.307,0.0,kill
cem_original,ace,40000019,red,0.3235,0.0,kill
cem_original,ace,40000020,red,0.274,0.0,kill
cem_original,ace,40000021,red,0.34,0.0,kill
cem_original,ace,40000022,red,0.2245,0.0,kill
cem_original,ace,40000023,red,0.2905,0.0,kill
cem_original,ace,40000024,red,0.307,0.0,kill
cem_original,ace,40000025,red,0.3235,0.0,kill
cem_original,ace,40000026,red,0.307,0.0,kill
cem_original,ace,40000027,red,0.241,0.0,kill
cem_original,ace,40000028,red,0.307,0.0,kill
cem_original,ace,40000029,red,0.307,0.0,kill
cem_original,ace,40000030,red,0.307,0.0,kill
cem_original,ace,40000031,red,0.2905,0.0,kill
cem_original,ace,40000032,red,0.307,0.0,kill
cem_original,ace,40000033,red,0.3235,0.0,kill
cem_original,ace,40000034,red,0.2905,0.0,kill
cem_original,ace,40000035,red,0.274,0.0,kill
cem_original,ace,40000036,red,0.2575,0.0,kill
cem_original,ace,40000037,red,0.274,0.0,kill
cem_original,ace,40000038,red,0.307,0.0,kill
cem_original,ace,40000039,red,0.3235,0.0,kill
cem_original,ace,40000000,blue,0.307,0.0,kill
cem_original,ace,40000001,blue,0.307,0.0,kill
cem_original,ace,40000002,blue,0.3235,0.0,kill
cem_original,ace,40000003,blue,0.3235,0.0,kill
cem_original,ace,40000004,blue,0.2905,0.0,kill
cem_original,ace,40000005,blue,0.307,0.0,kill
cem_original,ace,40000006,blue,0.307,0.0,kill
cem_original,ace,40000007,blue,0.3235,0.0,kill
cem_original,ace,40000008,blue,0.2905,0.0,kill
cem_original,ace,40000009,blue,0.241,0.0,kill
cem_original,ace,40000010,blue,0.307,0.0,kill
cem_original,ace,40000011,blue,0.307,0.0,kill
cem_original,ace,40000012,blue,0.307,0.0,kill
cem_original,ace,40000013,blue,0.2905,0.0,kill
cem_original,ace,40000014,blue,0.3235,0.0,kill
cem_original,ace,40000015,blue,0.3235,0.0,kill
cem_original,ace,40000016,blue,0.3235,0.0,kill
cem_original,ace,40000017,blue,0.2575,0.0,kill
cem_original,ace,40000018,blue,0.307,0.0,kill
cem_original,ace,40000019,blue,0.3235,0.0,kill
cem_original,ace,40000020,blue,0.2905,0.0,kill
cem_original,ace,40000021,blue,0.3235,0.0,kill
cem_original,ace,40000022,blue,0.2245,0.0,kill
cem_original,ace,40000023,blue,0.2905,0.0,kill
cem_original,ace,40000024,blue,0.307,0.0,kill
cem_original,ace,40000025,blue,0.3235,0.0,kill
cem_original,ace,40000026,blue,0.2245,0.0,kill
cem_original,ace,40000027,blue,0.241,0.0,kill
cem_original,ace,40000028,blue,0.2905,0.0,kill
cem_original,ace,40000029,blue,0.2575,0.0,kill
cem_original,ace,40000030,blue,0.307,0.0,kill
cem_original,ace,40000031,blue,0.2905,0.0,kill
cem_original,ace,40000032,blue,0.307,0.0,kill
cem_original,ace,40000033,blue,0.3235,0.0,kill
cem_original,ace,40000034,blue,0.3235,0.0,kill
cem_original,ace,40000035,blue,0.307,0.0,kill
cem_original,ace,40000036,blue,0.2905,0.0,kill
cem_original,ace,40000037,blue,0.274,0.0,kill
cem_original,ace,40000038,blue,0.3235,0.0,kill
cem_original,ace,40000039,blue,0.3235,0.0,kill
cem_original,pursuit,40000000,red,0.0,0.274,died
cem_original,pursuit,40000001,red,0.3235,0.274,timeout
cem_original,pursuit,40000002,red,0.2575,0.0,kill
cem_original,pursuit,40000003,red,0.2245,0.0,kill
cem_original,pursuit,40000004,red,0.2575,0.0,kill
cem_original,pursuit,40000005,red,0.4555,0.0,kill
cem_original,pursuit,40000006,red,0.2575,0.0,kill
cem_original,pursuit,40000007,red,0.241,0.0,kill
cem_original,pursuit,40000008,red,0.2905,0.0,kill
cem_original,pursuit,40000009,red,0.274,0.0,kill
cem_original,pursuit,40000010,red,0.2575,0.0,kill
cem_original,pursuit,40000011,red,0.373,0.0,kill
cem_original,pursuit,40000012,red,0.6535,0.3565,timeout
cem_original,pursuit,40000013,red,0.274,0.0,kill
cem_original,pursuit,40000014,red,0.241,0.0,kill
cem_original,pursuit,40000015,red,0.241,0.0,kill
cem_original,pursuit,40000016,red,0.2245,0.0,kill
cem_original,pursuit,40000017,red,0.241,0.0,kill
cem_original,pursuit,40000018,red,0.0,0.2575,died
cem_original,pursuit,40000019,red,0.2575,0.0,kill
cem_original,pursuit,40000020,red,0.2575,0.0,kill
cem_original,pursuit,40000021,red,0.2245,0.0,kill
cem_original,pursuit,40000022,red,0.241,0.0,kill
cem_original,pursuit,40000023,red,0.4555,0.0,kill
cem_original,pursuit,40000024,red,0.2575,0.0,kill
cem_original,pursuit,40000025,red,0.2575,0.0,kill
cem_original,pursuit,40000026,red,0.241,0.0,kill
cem_original,pursuit,40000027,red,0.2575,0.0,kill
cem_original,pursuit,40000028,red,0.274,0.0,kill
cem_original,pursuit,40000029,red,0.2575,0.0,kill
cem_original,pursuit,40000030,red,0.3565,0.0,kill
cem_original,pursuit,40000031,red,0.2575,0.0,kill
cem_original,pursuit,40000032,red,0.274,0.0,kill
cem_original,pursuit,40000033,red,0.2575,0.0,kill
cem_original,pursuit,40000034,red,0.241,0.0,kill
cem_original,pursuit,40000035,red,0.2575,0.0,kill
cem_original,pursuit,40000036,red,0.2575,0.0,kill
cem_original,pursuit,40000037,red,0.0,0.241,died
cem_original,pursuit,40000038,red,0.274,0.0,kill
cem_original,pursuit,40000039,red,0.406,0.0,kill
cem_original,pursuit,40000000,blue,0.0,0.2575,died
cem_original,pursuit,40000001,blue,0.307,0.274,timeout
cem_original,pursuit,40000002,blue,0.2575,0.0,kill
cem_original,pursuit,40000003,blue,0.241,0.0,kill
cem_original,pursuit,40000004,blue,0.274,0.0,kill
cem_original,pursuit,40000005,blue,0.3895,0.0,kill
cem_original,pursuit,40000006,blue,0.2575,0.0,kill
cem_original,pursuit,40000007,blue,0.2245,0.0,kill
cem_original,pursuit,40000008,blue,0.2575,0.0,kill
cem_original,pursuit,40000009,blue,0.241,0.0,kill
cem_original,pursuit,40000010,blue,0.2575,0.0,kill
cem_original,pursuit,40000011,blue,0.373,0.0,kill
cem_original,pursuit,40000012,blue,0.5875,0.34,timeout
cem_original,pursuit,40000013,blue,0.2575,0.0,kill
cem_original,pursuit,40000014,blue,0.241,0.0,kill
cem_original,pursuit,40000015,blue,0.241,0.0,kill
cem_original,pursuit,40000016,blue,0.241,0.0,kill
cem_original,pursuit,40000017,blue,0.2575,0.0,kill
cem_original,pursuit,40000018,blue,0.0,0.2575,died
cem_original,pursuit,40000019,blue,0.274,0.0,kill
cem_original,pursuit,40000020,blue,0.241,0.0,kill
cem_original,pursuit,40000021,blue,0.241,0.0,kill
cem_original,pursuit,40000022,blue,0.241,0.0,kill
cem_original,pursuit,40000023,blue,0.472,0.0,kill
cem_original,pursuit,40000024,blue,0.4225,0.0,kill
cem_original,pursuit,40000025,blue,0.2575,0.0,kill
cem_original,pursuit,40000026,blue,0.241,0.0,kill
cem_original,pursuit,40000027,blue,0.2575,0.0,kill
cem_original,pursuit,40000028,blue,0.2575,0.0,kill
cem_original,pursuit,40000029,blue,0.241,0.0,kill
cem_original,pursuit,40000030,blue,0.4225,0.0,kill
cem_original,pursuit,40000031,blue,0.241,0.0,kill
cem_original,pursuit,40000032,blue,0.2575,0.0,kill
cem_original,pursuit,40000033,blue,0.274,0.0,kill
cem_original,pursuit,40000034,blue,0.2245,0.0,kill
cem_original,pursuit,40000035,blue,0.2575,0.0,kill
cem_original,pursuit,40000036,blue,0.241,0.0,kill
cem_original,pursuit,40000037,blue,0.0,0.2575,died
cem_original,pursuit,40000038,blue,0.2575,0.0,kill
cem_original,pursuit,40000039,blue,0.3565,0.0,kill
cem_original,evader,40000000,red,1.0,1.0,timeout
cem_original,evader,40000001,red,1.0,1.0,timeout
cem_original,evader,40000002,red,1.0,1.0,timeout
cem_original,evader,40000003,red,1.0,1.0,timeout
cem_original,evader,40000004,red,1.0,1.0,timeout
cem_original,evader,40000005,red,1.0,1.0,timeout
cem_original,evader,40000006,red,1.0,1.0,timeout
cem_original,evader,40000007,red,1.0,1.0,timeout
cem_original,evader,40000008,red,1.0,1.0,timeout
cem_original,evader,40000009,red,1.0,1.0,timeout
cem_original,evader,40000010,red,1.0,1.0,timeout
cem_original,evader,40000011,red,1.0,1.0,timeout
cem_original,evader,40000012,red,1.0,1.0,timeout
cem_original,evader,40000013,red,1.0,1.0,timeout
cem_original,evader,40000014,red,1.0,1.0,timeout
cem_original,evader,40000015,red,1.0,1.0,timeout
cem_original,evader,40000016,red,1.0,1.0,timeout
cem_original,evader,40000017,red,1.0,1.0,timeout
cem_original,evader,40000018,red,1.0,1.0,timeout
cem_original,evader,40000019,red,1.0,1.0,timeout
cem_original,evader,40000020,red,1.0,1.0,timeout
cem_original,evader,40000021,red,1.0,1.0,timeout
cem_original,evader,40000022,red,1.0,1.0,timeout
cem_original,evader,40000023,red,1.0,1.0,timeout
cem_original,evader,40000024,red,1.0,1.0,timeout
cem_original,evader,40000025,red,1.0,1.0,timeout
cem_original,evader,40000026,red,1.0,1.0,timeout
cem_original,evader,40000027,red,1.0,1.0,timeout
cem_original,evader,40000028,red,1.0,1.0,timeout
cem_original,evader,40000029,red,1.0,1.0,timeout
cem_original,evader,40000030,red,1.0,1.0,timeout
cem_original,evader,40000031,red,1.0,1.0,timeout
cem_original,evader,40000032,red,1.0,1.0,timeout
cem_original,evader,40000033,red,1.0,1.0,timeout
cem_original,evader,40000034,red,1.0,1.0,timeout
cem_original,evader,40000035,red,1.0,1.0,timeout
cem_original,evader,40000036,red,1.0,1.0,timeout
cem_original,evader,40000037,red,1.0,1.0,timeout
cem_original,evader,40000038,red,1.0,1.0,timeout
cem_original,evader,40000039,red,1.0,1.0,timeout
cem_original,evader,40000000,blue,1.0,1.0,timeout
cem_original,evader,40000001,blue,1.0,1.0,timeout
cem_original,evader,40000002,blue,1.0,1.0,timeout
cem_original,evader,40000003,blue,1.0,1.0,timeout
cem_original,evader,40000004,blue,1.0,1.0,timeout
cem_original,evader,40000005,blue,1.0,1.0,timeout
cem_original,evader,40000006,blue,1.0,1.0,timeout
cem_original,evader,40000007,blue,1.0,1.0,timeout
cem_original,evader,40000008,blue,1.0,1.0,timeout
cem_original,evader,40000009,blue,1.0,1.0,timeout
cem_original,evader,40000010,blue,1.0,1.0,timeout
cem_original,evader,40000011,blue,1.0,1.0,timeout
cem_original,evader,40000012,blue,1.0,1.0,timeout
cem_original,evader,40000013,blue,1.0,1.0,timeout
cem_original,evader,40000014,blue,1.0,1.0,timeout
cem_original,evader,40000015,blue,1.0,1.0,timeout
cem_original,evader,40000016,blue,1.0,1.0,timeout
cem_original,evader,40000017,blue,1.0,1.0,timeout
cem_original,evader,40000018,blue,1.0,1.0,timeout
cem_original,evader,40000019,blue,1.0,1.0,timeout
cem_original,evader,40000020,blue,1.0,1.0,timeout
cem_original,evader,40000021,blue,1.0,1.0,timeout
cem_original,evader,40000022,blue,1.0,1.0,timeout
cem_original,evader,40000023,blue,1.0,1.0,timeout
cem_original,evader,40000024,blue,1.0,1.0,timeout
cem_original,evader,40000025,blue,1.0,1.0,timeout
cem_original,evader,40000026,blue,1.0,1.0,timeout
cem_original,evader,40000027,blue,1.0,1.0,timeout
cem_original,evader,40000028,blue,1.0,1.0,timeout
cem_original,evader,40000029,blue,1.0,1.0,timeout
cem_original,evader,40000030,blue,1.0,1.0,timeout
cem_original,evader,40000031,blue,1.0,1.0,timeout
cem_original,evader,40000032,blue,1.0,1.0,timeout
cem_original,evader,40000033,blue,1.0,1.0,timeout
cem_original,evader,40000034,blue,1.0,1.0,timeout
cem_original,evader,40000035,blue,1.0,1.0,timeout
cem_original,evader,40000036,blue,1.0,1.0,timeout
cem_original,evader,40000037,blue,1.0,1.0,timeout
cem_original,evader,40000038,blue,1.0,1.0,timeout
cem_original,evader,40000039,blue,1.0,1.0,timeout
cem_original,fixed_left,40000000,red,1.0,0.439,timeout
cem_original,fixed_left,40000001,red,1.0,0.0,kill
cem_original,fixed_left,40000002,red,1.0,0.2575,timeout
cem_original,fixed_left,40000003,red,1.0,0.604,timeout
cem_original,fixed_left,40000004,red,1.0,0.472,timeout
cem_original,fixed_left,40000005,red,1.0,0.8185,timeout
cem_original,fixed_left,40000006,red,1.0,0.571,timeout
cem_original,fixed_left,40000007,red,1.0,1.0,timeout
cem_original,fixed_left,40000008,red,1.0,0.0,kill
cem_original,fixed_left,40000009,red,1.0,1.0,timeout
cem_original,fixed_left,40000010,red,1.0,1.0,timeout
cem_original,fixed_left,40000011,red,1.0,0.736,timeout
cem_original,fixed_left,40000012,red,1.0,0.0,kill
cem_original,fixed_left,40000013,red,1.0,1.0,timeout
cem_original,fixed_left,40000014,red,1.0,0.571,timeout
cem_original,fixed_left,40000015,red,1.0,0.868,timeout
cem_original,fixed_left,40000016,red,1.0,0.142,timeout
cem_original,fixed_left,40000017,red,1.0,0.0,kill
cem_original,fixed_left,40000018,red,1.0,0.4555,timeout
cem_original,fixed_left,40000019,red,1.0,0.2905,timeout
cem_original,fixed_left,40000020,red,1.0,1.0,timeout
cem_original,fixed_left,40000021,red,1.0,0.2575,timeout
cem_original,fixed_left,40000022,red,1.0,0.406,timeout
cem_original,fixed_left,40000023,red,1.0,0.472,timeout
cem_original,fixed_left,40000024,red,1.0,0.967,timeout
cem_original,fixed_left,40000025,red,1.0,0.0,kill
cem_original,fixed_left,40000026,red,1.0,0.0,kill
cem_original,fixed_left,40000027,red,1.0,1.0,timeout
cem_original,fixed_left,40000028,red,1.0,0.0,kill
cem_original,fixed_left,40000029,red,1.0,0.109,timeout
cem_original,fixed_left,40000030,red,1.0,0.472,timeout
cem_original,fixed_left,40000031,red,1.0,1.0,timeout
cem_original,fixed_left,40000032,red,1.0,0.0,kill
cem_original,fixed_left,40000033,red,1.0,0.6865,timeout
cem_original,fixed_left,40000034,red,1.0,1.0,timeout
cem_original,fixed_left,40000035,red,1.0,1.0,timeout
cem_original,fixed_left,40000036,red,1.0,1.0,timeout
cem_original,fixed_left,40000037,red,1.0,0.6865,timeout
cem_original,fixed_left,40000038,red,1.0,0.0,kill
cem_original,fixed_left,40000039,red,1.0,0.0,kill
cem_original,fixed_left,40000000,blue,1.0,0.5545,timeout
cem_original,fixed_left,40000001,blue,1.0,0.01,timeout
cem_original,fixed_left,40000002,blue,1.0,0.6205,timeout
cem_original,fixed_left,40000003,blue,1.0,0.0925,timeout
cem_original,fixed_left,40000004,blue,1.0,0.0,kill
cem_original,fixed_left,40000005,blue,1.0,0.0,kill
cem_original,fixed_left,40000006,blue,1.0,0.0265,timeout
cem_original,fixed_left,40000007,blue,1.0,0.67,timeout
cem_original,fixed_left,40000008,blue,1.0,0.0,kill
cem_original,fixed_left,40000009,blue,1.0,1.0,timeout
cem_original,fixed_left,40000010,blue,1.0,1.0,timeout
cem_original,fixed_left,40000011,blue,1.0,0.0,kill
cem_original,fixed_left,40000012,blue,1.0,0.0,kill
cem_original,fixed_left,40000013,blue,1.0,0.0595,timeout
cem_original,fixed_left,40000014,blue,1.0,0.9175,timeout
cem_original,fixed_left,40000015,blue,1.0,0.703,timeout
cem_original,fixed_left,40000016,blue,1.0,0.4885,timeout
cem_original,fixed_left,40000017,blue,1.0,1.0,timeout
cem_original,fixed_left,40000018,blue,1.0,0.0595,timeout
cem_original,fixed_left,40000019,blue,1.0,0.5875,timeout
cem_original,fixed_left,40000020,blue,1.0,1.0,timeout
cem_original,fixed_left,40000021,blue,1.0,0.142,timeout
cem_original,fixed_left,40000022,blue,1.0,0.0,kill
cem_original,fixed_left,40000023,blue,1.0,0.604,timeout
cem_original,fixed_left,40000024,blue,1.0,0.0,kill
cem_original,fixed_left,40000025,blue,1.0,0.0,kill
cem_original,fixed_left,40000026,blue,1.0,0.3895,timeout
cem_original,fixed_left,40000027,blue,1.0,1.0,timeout
cem_original,fixed_left,40000028,blue,1.0,0.934,timeout
cem_original,fixed_left,40000029,blue,1.0,0.0,kill
cem_original,fixed_left,40000030,blue,1.0,0.0,kill
cem_original,fixed_left,40000031,blue,1.0,0.0,kill
cem_original,fixed_left,40000032,blue,1.0,0.0,kill
cem_original,fixed_left,40000033,blue,1.0,0.0,kill
cem_original,fixed_left,40000034,blue,1.0,1.0,timeout
cem_original,fixed_left,40000035,blue,1.0,0.01,timeout
cem_original,fixed_left,40000036,blue,1.0,0.0,kill
cem_original,fixed_left,40000037,blue,1.0,0.0595,timeout
cem_original,fixed_left,40000038,blue,1.0,0.076,timeout
cem_original,fixed_left,40000039,blue,1.0,0.0,kill
cem_original,fixed_right,40000000,red,1.0,0.0,kill
cem_original,fixed_right,40000001,red,1.0,0.0,kill
cem_original,fixed_right,40000002,red,1.0,0.0,kill
cem_original,fixed_right,40000003,red,1.0,0.0,kill
cem_original,fixed_right,40000004,red,1.0,0.0,kill
cem_original,fixed_right,40000005,red,1.0,0.0,kill
cem_original,fixed_right,40000006,red,1.0,0.0,kill
cem_original,fixed_right,40000007,red,1.0,0.0,kill
cem_original,fixed_right,40000008,red,1.0,0.0,kill
cem_original,fixed_right,40000009,red,1.0,0.2905,timeout
cem_original,fixed_right,40000010,red,1.0,0.5545,timeout
cem_original,fixed_right,40000011,red,1.0,0.0,kill
cem_original,fixed_right,40000012,red,1.0,0.0,kill
cem_original,fixed_right,40000013,red,1.0,0.0,kill
cem_original,fixed_right,40000014,red,1.0,0.0,kill
cem_original,fixed_right,40000015,red,1.0,0.0,kill
cem_original,fixed_right,40000016,red,1.0,0.0,kill
cem_original,fixed_right,40000017,red,1.0,0.0,kill
cem_original,fixed_right,40000018,red,1.0,0.0,kill
cem_original,fixed_right,40000019,red,1.0,0.0,kill
cem_original,fixed_right,40000020,red,1.0,0.2905,timeout
cem_original,fixed_right,40000021,red,1.0,0.0,kill
cem_original,fixed_right,40000022,red,1.0,0.0,kill
cem_original,fixed_right,40000023,red,1.0,0.0,kill
cem_original,fixed_right,40000024,red,1.0,0.0,kill
cem_original,fixed_right,40000025,red,1.0,0.0,kill
cem_original,fixed_right,40000026,red,1.0,0.34,timeout
cem_original,fixed_right,40000027,red,1.0,0.8845,timeout
cem_original,fixed_right,40000028,red,1.0,0.0,kill
cem_original,fixed_right,40000029,red,1.0,0.0,kill
cem_original,fixed_right,40000030,red,1.0,0.0,kill
cem_original,fixed_right,40000031,red,1.0,0.637,timeout
cem_original,fixed_right,40000032,red,1.0,0.0,kill
cem_original,fixed_right,40000033,red,1.0,0.0,kill
cem_original,fixed_right,40000034,red,1.0,0.538,timeout
cem_original,fixed_right,40000035,red,1.0,0.0,kill
cem_original,fixed_right,40000036,red,1.0,0.043,timeout
cem_original,fixed_right,40000037,red,1.0,0.0,kill
cem_original,fixed_right,40000038,red,1.0,0.0,kill
cem_original,fixed_right,40000039,red,1.0,0.0,kill
cem_original,fixed_right,40000000,blue,1.0,0.0,kill
cem_original,fixed_right,40000001,blue,1.0,0.0,kill
cem_original,fixed_right,40000002,blue,1.0,0.0,kill
cem_original,fixed_right,40000003,blue,1.0,0.0,kill
cem_original,fixed_right,40000004,blue,1.0,0.0,kill
cem_original,fixed_right,40000005,blue,1.0,0.0,kill
cem_original,fixed_right,40000006,blue,1.0,0.0,kill
cem_original,fixed_right,40000007,blue,1.0,0.0,kill
cem_original,fixed_right,40000008,blue,1.0,0.0,kill
cem_original,fixed_right,40000009,blue,1.0,0.637,timeout
cem_original,fixed_right,40000010,blue,1.0,0.9835,timeout
cem_original,fixed_right,40000011,blue,1.0,0.0,kill
cem_original,fixed_right,40000012,blue,1.0,0.0,kill
cem_original,fixed_right,40000013,blue,1.0,0.2575,timeout
cem_original,fixed_right,40000014,blue,1.0,0.0,kill
cem_original,fixed_right,40000015,blue,1.0,0.0,kill
cem_original,fixed_right,40000016,blue,1.0,0.0,kill
cem_original,fixed_right,40000017,blue,1.0,0.373,timeout
cem_original,fixed_right,40000018,blue,1.0,0.0,kill
cem_original,fixed_right,40000019,blue,1.0,0.0,kill
cem_original,fixed_right,40000020,blue,1.0,0.9505,timeout
cem_original,fixed_right,40000021,blue,1.0,0.0,kill
cem_original,fixed_right,40000022,blue,1.0,0.0,kill
cem_original,fixed_right,40000023,blue,1.0,0.0,kill
cem_original,fixed_right,40000024,blue,1.0,0.0,kill
cem_original,fixed_right,40000025,blue,1.0,0.0,kill
cem_original,fixed_right,40000026,blue,1.0,0.0,kill
cem_original,fixed_right,40000027,blue,1.0,1.0,timeout
cem_original,fixed_right,40000028,blue,1.0,0.0,kill
cem_original,fixed_right,40000029,blue,1.0,0.0,kill
cem_original,fixed_right,40000030,blue,1.0,0.0,kill
cem_original,fixed_right,40000031,blue,1.0,0.0,kill
cem_original,fixed_right,40000032,blue,1.0,0.0,kill
cem_original,fixed_right,40000033,blue,1.0,0.0,kill
cem_original,fixed_right,40000034,blue,1.0,0.0,kill
cem_original,fixed_right,40000035,blue,1.0,0.0,kill
cem_original,fixed_right,40000036,blue,1.0,0.0,kill
cem_original,fixed_right,40000037,blue,1.0,1.0,timeout
cem_original,fixed_right,40000038,blue,1.0,0.0,kill
cem_original,fixed_right,40000039,blue,1.0,0.0,kill
cem_original,round_00,40000000,red,0.0,0.0,mutual
cem_original,round_00,40000001,red,0.0,0.0,mutual
cem_original,round_00,40000002,red,0.0,0.0,mutual
cem_original,round_00,40000003,red,0.0,0.9835,died
cem_original,round_00,40000004,red,0.2575,1.0,timeout
cem_original,round_00,40000005,red,0.0,0.736,died
cem_original,round_00,40000006,red,0.0,0.0,mutual
cem_original,round_00,40000007,red,0.0,0.7525,died
cem_original,round_00,40000008,red,0.0,0.703,died
cem_original,round_00,40000009,red,0.2245,1.0,timeout
cem_original,round_00,40000010,red,0.142,1.0,timeout
cem_original,round_00,40000011,red,0.01,1.0,timeout
cem_original,round_00,40000012,red,0.0,0.0,mutual
cem_original,round_00,40000013,red,0.109,1.0,timeout
cem_original,round_00,40000014,red,0.043,1.0,timeout
cem_original,round_00,40000015,red,0.043,1.0,timeout
cem_original,round_00,40000016,red,0.0,0.0,mutual
cem_original,round_00,40000017,red,0.01,1.0,timeout
cem_original,round_00,40000018,red,0.0,0.0,mutual
cem_original,round_00,40000019,red,0.0,0.0,mutual
cem_original,round_00,40000020,red,0.1255,0.637,timeout
cem_original,round_00,40000021,red,0.0,0.0,mutual
cem_original,round_00,40000022,red,0.142,1.0,timeout
cem_original,round_00,40000023,red,0.0,0.0,mutual
cem_original,round_00,40000024,red,0.0,0.0,mutual
cem_original,round_00,40000025,red,0.0,0.0,mutual
cem_original,round_00,40000026,red,0.0,1.0,died
cem_original,round_00,40000027,red,0.0925,1.0,timeout
cem_original,round_00,40000028,red,0.2575,1.0,timeout
cem_original,round_00,40000029,red,0.175,1.0,timeout
cem_original,round_00,40000030,red,0.076,1.0,timeout
cem_original,round_00,40000031,red,0.109,0.835,timeout
cem_original,round_00,40000032,red,0.208,1.0,timeout
cem_original,round_00,40000033,red,0.01,1.0,timeout
cem_original,round_00,40000034,red,0.1585,1.0,timeout
cem_original,round_00,40000035,red,0.2245,1.0,timeout
cem_original,round_00,40000036,red,0.0,0.736,died
cem_original,round_00,40000037,red,0.0,0.0,mutual
cem_original,round_00,40000038,red,0.175,1.0,timeout
cem_original,round_00,40000039,red,0.0,0.6535,died
cem_original,round_00,40000000,blue,0.0,0.0,mutual
cem_original,round_00,40000001,blue,0.0,0.0,mutual
cem_original,round_00,40000002,blue,0.01,0.9835,timeout
cem_original,round_00,40000003,blue,0.0,0.0,mutual
cem_original,round_00,40000004,blue,0.0,0.901,died
cem_original,round_00,40000005,blue,0.0,0.604,died
cem_original,round_00,40000006,blue,0.0,0.0,mutual
cem_original,round_00,40000007,blue,0.0,0.0,mutual
cem_original,round_00,40000008,blue,0.0,0.934,died
cem_original,round_00,40000009,blue,0.1255,1.0,timeout
cem_original,round_00,40000010,blue,0.1915,1.0,timeout
cem_original,round_00,40000011,blue,0.241,1.0,timeout
cem_original,round_00,40000012,blue,0.0,0.0,mutual
cem_original,round_00,40000013,blue,0.1255,0.835,timeout
cem_original,round_00,40000014,blue,0.0595,1.0,timeout
cem_original,round_00,40000015,blue,0.142,1.0,timeout
cem_original,round_00,40000016,blue,0.0,0.769,died
cem_original,round_00,40000017,blue,0.0,0.703,died
cem_original,round_00,40000018,blue,0.0,0.0,mutual
cem_original,round_00,40000019,blue,0.0,0.8845,died
cem_original,round_00,40000020,blue,0.0595,0.67,timeout
cem_original,round_00,40000021,blue,0.01,0.9835,timeout
cem_original,round_00,40000022,blue,0.109,1.0,timeout
cem_original,round_00,40000023,blue,0.0,0.7525,died
cem_original,round_00,40000024,blue,0.0,0.7855,died
cem_original,round_00,40000025,blue,0.0,0.0,mutual
cem_original,round_00,40000026,blue,0.0595,1.0,timeout
cem_original,round_00,40000027,blue,0.109,1.0,timeout
cem_original,round_00,40000028,blue,0.0,0.0,mutual
cem_original,round_00,40000029,blue,0.0,0.0,mutual
cem_original,round_00,40000030,blue,0.175,1.0,timeout
cem_original,round_00,40000031,blue,0.043,1.0,timeout
cem_original,round_00,40000032,blue,0.0,0.0,mutual
cem_original,round_00,40000033,blue,0.01,1.0,timeout
cem_original,round_00,40000034,blue,0.406,1.0,timeout
cem_original,round_00,40000035,blue,0.0,1.0,died
cem_original,round_00,40000036,blue,0.0,1.0,died
cem_original,round_00,40000037,blue,0.0,0.0,mutual
cem_original,round_00,40000038,blue,0.0,0.0,mutual
cem_original,round_00,40000039,blue,0.0,0.637,died
cem_original,round_01,40000000,red,0.0,1.0,died
cem_original,round_01,40000001,red,0.0,1.0,died
cem_original,round_01,40000002,red,0.0,0.307,died
cem_original,round_01,40000003,red,0.34,0.0,kill
cem_original,round_01,40000004,red,0.0,1.0,died
cem_original,round_01,40000005,red,0.0,1.0,died
cem_original,round_01,40000006,red,0.3565,0.0,kill
cem_original,round_01,40000007,red,0.0,0.3895,died
cem_original,round_01,40000008,red,0.0,1.0,died
cem_original,round_01,40000009,red,0.0,0.6865,died
cem_original,round_01,40000010,red,0.0,0.076,died
cem_original,round_01,40000011,red,0.0,1.0,died
cem_original,round_01,40000012,red,0.0,1.0,died
cem_original,round_01,40000013,red,0.0,0.274,died
cem_original,round_01,40000014,red,0.0,0.5875,died
cem_original,round_01,40000015,red,0.0,0.571,died
cem_original,round_01,40000016,red,0.0,0.9505,died
cem_original,round_01,40000017,red,0.0,0.5545,died
cem_original,round_01,40000018,red,0.0,1.0,died
cem_original,round_01,40000019,red,0.0,0.142,died
cem_original,round_01,40000020,red,0.0,0.5545,died
cem_original,round_01,40000021,red,0.0,0.2245,died
cem_original,round_01,40000022,red,0.0,0.4555,died
cem_original,round_01,40000023,red,0.0,1.0,died
cem_original,round_01,40000024,red,0.0,0.109,died
cem_original,round_01,40000025,red,0.2905,0.0,kill
cem_original,round_01,40000026,red,0.0,0.6535,died
cem_original,round_01,40000027,red,0.0,0.0595,died
cem_original,round_01,40000028,red,0.0,1.0,died
cem_original,round_01,40000029,red,0.0,1.0,died
cem_original,round_01,40000030,red,0.0,1.0,died
cem_original,round_01,40000031,red,0.0,1.0,died
cem_original,round_01,40000032,red,0.0,1.0,died
cem_original,round_01,40000033,red,0.0,0.6205,died
cem_original,round_01,40000034,red,0.0,0.0,mutual
cem_original,round_01,40000035,red,0.175,0.0,kill
cem_original,round_01,40000036,red,0.0,0.0265,died
cem_original,round_01,40000037,red,0.0,1.0,died
cem_original,round_01,40000038,red,0.0,1.0,died
cem_original,round_01,40000039,red,0.0,1.0,died
cem_original,round_01,40000000,blue,0.0,1.0,died
cem_original,round_01,40000001,blue,0.0,1.0,died
cem_original,round_01,40000002,blue,0.0,1.0,died
cem_original,round_01,40000003,blue,0.0,0.4225,died
cem_original,round_01,40000004,blue,0.1585,0.0,kill
cem_original,round_01,40000005,blue,0.0,1.0,died
cem_original,round_01,40000006,blue,0.0,0.274,died
cem_original,round_01,40000007,blue,0.0,0.571,died
cem_original,round_01,40000008,blue,0.0,1.0,died
cem_original,round_01,40000009,blue,0.0,0.076,died
cem_original,round_01,40000010,blue,0.0,0.3235,died
cem_original,round_01,40000011,blue,0.0,1.0,died
cem_original,round_01,40000012,blue,0.0,1.0,died
cem_original,round_01,40000013,blue,0.0,1.0,died
cem_original,round_01,40000014,blue,0.0,0.571,died
cem_original,round_01,40000015,blue,0.0,0.5545,died
cem_original,round_01,40000016,blue,0.0,1.0,died
cem_original,round_01,40000017,blue,0.0,0.1585,died
cem_original,round_01,40000018,blue,0.0,1.0,died
cem_original,round_01,40000019,blue,0.439,0.0,kill
cem_original,round_01,40000020,blue,0.0,0.2245,died
cem_original,round_01,40000021,blue,0.5545,0.0,kill
cem_original,round_01,40000022,blue,0.0,0.6205,died
cem_original,round_01,40000023,blue,0.0,1.0,died
cem_original,round_01,40000024,blue,0.274,0.0,kill
cem_original,round_01,40000025,blue,0.0,1.0,died
cem_original,round_01,40000026,blue,0.0,0.5875,died
cem_original,round_01,40000027,blue,0.0,0.076,died
cem_original,round_01,40000028,blue,0.0,0.241,died
cem_original,round_01,40000029,blue,0.0,0.5215,died
cem_original,round_01,40000030,blue,0.0,1.0,died
cem_original,round_01,40000031,blue,0.0,0.5545,died
cem_original,round_01,40000032,blue,0.0,0.4885,died
cem_original,round_01,40000033,blue,0.0,0.274,died
cem_original,round_01,40000034,blue,0.0,0.571,died
cem_original,round_01,40000035,blue,0.0,0.34,died
cem_original,round_01,40000036,blue,0.0,0.571,died
cem_original,round_01,40000037,blue,0.439,0.0,kill
cem_original,round_01,40000038,blue,0.0,0.5215,died
cem_original,round_01,40000039,blue,0.0,1.0,died
cem_original,round_02,40000000,red,0.0,1.0,died
cem_original,round_02,40000001,red,0.0,1.0,died
cem_original,round_02,40000002,red,0.0,1.0,died
cem_original,round_02,40000003,red,0.0,1.0,died
cem_original,round_02,40000004,red,0.0,1.0,died
cem_original,round_02,40000005,red,0.0,1.0,died
cem_original,round_02,40000006,red,0.0,1.0,died
cem_original,round_02,40000007,red,0.0,1.0,died
cem_original,round_02,40000008,red,0.0,1.0,died
cem_original,round_02,40000009,red,0.0,1.0,died
cem_original,round_02,40000010,red,0.0,1.0,died
cem_original,round_02,40000011,red,0.0,1.0,died
cem_original,round_02,40000012,red,0.0,1.0,died
cem_original,round_02,40000013,red,0.0,1.0,died
cem_original,round_02,40000014,red,0.0,1.0,died
cem_original,round_02,40000015,red,0.0,1.0,died
cem_original,round_02,40000016,red,0.0,1.0,died
cem_original,round_02,40000017,red,0.0,1.0,died
cem_original,round_02,40000018,red,0.0,1.0,died
cem_original,round_02,40000019,red,0.0,1.0,died
cem_original,round_02,40000020,red,0.0,1.0,died
cem_original,round_02,40000021,red,0.0,1.0,died
cem_original,round_02,40000022,red,0.0,1.0,died
cem_original,round_02,40000023,red,0.0,1.0,died
cem_original,round_02,40000024,red,0.0,1.0,died
cem_original,round_02,40000025,red,0.0,1.0,died
cem_original,round_02,40000026,red,0.0,1.0,died
cem_original,round_02,40000027,red,0.0,1.0,died
cem_original,round_02,40000028,red,0.0,1.0,died
cem_original,round_02,40000029,red,0.0,1.0,died
cem_original,round_02,40000030,red,0.0,1.0,died
cem_original,round_02,40000031,red,0.0,1.0,died
cem_original,round_02,40000032,red,0.0,1.0,died
cem_original,round_02,40000033,red,0.0,1.0,died
cem_original,round_02,40000034,red,0.0,1.0,died
cem_original,round_02,40000035,red,0.0,1.0,died
cem_original,round_02,40000036,red,0.0,1.0,died
cem_original,round_02,40000037,red,0.0,1.0,died
cem_original,round_02,40000038,red,0.0,1.0,died
cem_original,round_02,40000039,red,0.0,1.0,died
cem_original,round_02,40000000,blue,0.0,1.0,died
cem_original,round_02,40000001,blue,0.0,1.0,died
cem_original,round_02,40000002,blue,0.0,1.0,died
cem_original,round_02,40000003,blue,0.0,1.0,died
cem_original,round_02,40000004,blue,0.0,1.0,died
cem_original,round_02,40000005,blue,0.0,1.0,died
cem_original,round_02,40000006,blue,0.0,1.0,died
cem_original,round_02,40000007,blue,0.0,1.0,died
cem_original,round_02,40000008,blue,0.0,1.0,died
cem_original,round_02,40000009,blue,0.0,1.0,died
cem_original,round_02,40000010,blue,0.0,1.0,died
cem_original,round_02,40000011,blue,0.0,1.0,died
cem_original,round_02,40000012,blue,0.0,1.0,died
cem_original,round_02,40000013,blue,0.0,1.0,died
cem_original,round_02,40000014,blue,0.0,1.0,died
cem_original,round_02,40000015,blue,0.0,1.0,died
cem_original,round_02,40000016,blue,0.0,1.0,died
cem_original,round_02,40000017,blue,0.0,1.0,died
cem_original,round_02,40000018,blue,0.0,1.0,died
cem_original,round_02,40000019,blue,0.0,1.0,died
cem_original,round_02,40000020,blue,0.0,1.0,died
cem_original,round_02,40000021,blue,0.0,1.0,died
cem_original,round_02,40000022,blue,0.0,1.0,died
cem_original,round_02,40000023,blue,0.0,1.0,died
cem_original,round_02,40000024,blue,0.0,1.0,died
cem_original,round_02,40000025,blue,0.0,1.0,died
cem_original,round_02,40000026,blue,0.0,1.0,died
cem_original,round_02,40000027,blue,0.0,1.0,died
cem_original,round_02,40000028,blue,0.0,1.0,died
cem_original,round_02,40000029,blue,0.0,1.0,died
cem_original,round_02,40000030,blue,0.0,1.0,died
cem_original,round_02,40000031,blue,0.0,1.0,died
cem_original,round_02,40000032,blue,0.0,1.0,died
cem_original,round_02,40000033,blue,0.0,1.0,died
cem_original,round_02,40000034,blue,0.0,1.0,died
cem_original,round_02,40000035,blue,0.0,1.0,died
cem_original,round_02,40000036,blue,0.0,1.0,died
cem_original,round_02,40000037,blue,0.0,1.0,died
cem_original,round_02,40000038,blue,0.0,1.0,died
cem_original,round_02,40000039,blue,0.0,1.0,died
cem_original,round_03,40000000,red,0.0,1.0,died
cem_original,round_03,40000001,red,0.0,1.0,died
cem_original,round_03,40000002,red,0.0,1.0,died
cem_original,round_03,40000003,red,0.0,1.0,died
cem_original,round_03,40000004,red,0.0,1.0,died
cem_original,round_03,40000005,red,0.0,1.0,died
cem_original,round_03,40000006,red,0.0,1.0,died
cem_original,round_03,40000007,red,0.0,1.0,died
cem_original,round_03,40000008,red,0.0,1.0,died
cem_original,round_03,40000009,red,0.0,1.0,died
cem_original,round_03,40000010,red,0.0,1.0,died
cem_original,round_03,40000011,red,0.0,1.0,died
cem_original,round_03,40000012,red,0.0,1.0,died
cem_original,round_03,40000013,red,0.0,1.0,died
cem_original,round_03,40000014,red,0.0,1.0,died
cem_original,round_03,40000015,red,0.0,1.0,died
cem_original,round_03,40000016,red,0.0,1.0,died
cem_original,round_03,40000017,red,0.0,1.0,died
cem_original,round_03,40000018,red,0.0,1.0,died
cem_original,round_03,40000019,red,0.0,1.0,died
cem_original,round_03,40000020,red,0.0,1.0,died
cem_original,round_03,40000021,red,0.0,1.0,died
cem_original,round_03,40000022,red,0.0,1.0,died
cem_original,round_03,40000023,red,0.0,1.0,died
cem_original,round_03,40000024,red,0.0,1.0,died
cem_original,round_03,40000025,red,0.0,1.0,died
cem_original,round_03,40000026,red,0.0,1.0,died
cem_original,round_03,40000027,red,0.0,1.0,died
cem_original,round_03,40000028,red,0.0,1.0,died
cem_original,round_03,40000029,red,0.0,1.0,died
cem_original,round_03,40000030,red,0.0,1.0,died
cem_original,round_03,40000031,red,0.0,1.0,died
cem_original,round_03,40000032,red,0.0,1.0,died
cem_original,round_03,40000033,red,0.0,1.0,died
cem_original,round_03,40000034,red,0.0,1.0,died
cem_original,round_03,40000035,red,0.0,1.0,died
cem_original,round_03,40000036,red,0.0,1.0,died
cem_original,round_03,40000037,red,0.0,1.0,died
cem_original,round_03,40000038,red,0.0,1.0,died
cem_original,round_03,40000039,red,0.0,1.0,died
cem_original,round_03,40000000,blue,0.0,1.0,died
cem_original,round_03,40000001,blue,0.0,1.0,died
cem_original,round_03,40000002,blue,0.0,1.0,died
cem_original,round_03,40000003,blue,0.0,1.0,died
cem_original,round_03,40000004,blue,0.0,1.0,died
cem_original,round_03,40000005,blue,0.0,1.0,died
cem_original,round_03,40000006,blue,0.0,1.0,died
cem_original,round_03,40000007,blue,0.0,1.0,died
cem_original,round_03,40000008,blue,0.0,1.0,died
cem_original,round_03,40000009,blue,0.0,1.0,died
cem_original,round_03,40000010,blue,0.0,1.0,died
cem_original,round_03,40000011,blue,0.0,1.0,died
cem_original,round_03,40000012,blue,0.0,1.0,died
cem_original,round_03,40000013,blue,0.0,1.0,died
cem_original,round_03,40000014,blue,0.0,1.0,died
cem_original,round_03,40000015,blue,0.0,1.0,died
cem_original,round_03,40000016,blue,0.0,1.0,died
cem_original,round_03,40000017,blue,0.0,1.0,died
cem_original,round_03,40000018,blue,0.0,1.0,died
cem_original,round_03,40000019,blue,0.0,1.0,died
cem_original,round_03,40000020,blue,0.0,1.0,died
cem_original,round_03,40000021,blue,0.0,1.0,died
cem_original,round_03,40000022,blue,0.0,1.0,died
cem_original,round_03,40000023,blue,0.0,1.0,died
cem_original,round_03,40000024,blue,0.0,1.0,died
cem_original,round_03,40000025,blue,0.0,1.0,died
cem_original,round_03,40000026,blue,0.0,1.0,died
cem_original,round_03,40000027,blue,0.0,1.0,died
cem_original,round_03,40000028,blue,0.0,1.0,died
cem_original,round_03,40000029,blue,0.0,1.0,died
cem_original,round_03,40000030,blue,0.0,1.0,died
cem_original,round_03,40000031,blue,0.0,1.0,died
cem_original,round_03,40000032,blue,0.0,1.0,died
cem_original,round_03,40000033,blue,0.0,1.0,died
cem_original,round_03,40000034,blue,0.0,1.0,died
cem_original,round_03,40000035,blue,0.0,1.0,died
cem_original,round_03,40000036,blue,0.0,1.0,died
cem_original,round_03,40000037,blue,0.0,1.0,died
cem_original,round_03,40000038,blue,0.0,1.0,died
cem_original,round_03,40000039,blue,0.0,1.0,died
cem_original,round_04,40000000,red,0.0,1.0,died
cem_original,round_04,40000001,red,0.0,1.0,died
cem_original,round_04,40000002,red,0.0,1.0,died
cem_original,round_04,40000003,red,0.0,1.0,died
cem_original,round_04,40000004,red,0.0,1.0,died
cem_original,round_04,40000005,red,0.0,1.0,died
cem_original,round_04,40000006,red,0.0,1.0,died
cem_original,round_04,40000007,red,0.0,1.0,died
cem_original,round_04,40000008,red,0.0,1.0,died
cem_original,round_04,40000009,red,0.0,1.0,died
cem_original,round_04,40000010,red,0.0,1.0,died
cem_original,round_04,40000011,red,0.0,1.0,died
cem_original,round_04,40000012,red,0.0,1.0,died
cem_original,round_04,40000013,red,0.0,1.0,died
cem_original,round_04,40000014,red,0.0,1.0,died
cem_original,round_04,40000015,red,0.0,1.0,died
cem_original,round_04,40000016,red,0.0,1.0,died
cem_original,round_04,40000017,red,0.0,1.0,died
cem_original,round_04,40000018,red,0.0,1.0,died
cem_original,round_04,40000019,red,0.0,1.0,died
cem_original,round_04,40000020,red,0.0,1.0,died
cem_original,round_04,40000021,red,0.0,1.0,died
cem_original,round_04,40000022,red,0.0,1.0,died
cem_original,round_04,40000023,red,0.0,1.0,died
cem_original,round_04,40000024,red,0.0,1.0,died
cem_original,round_04,40000025,red,0.0,1.0,died
cem_original,round_04,40000026,red,0.0,1.0,died
cem_original,round_04,40000027,red,0.0,1.0,died
cem_original,round_04,40000028,red,0.0,1.0,died
cem_original,round_04,40000029,red,0.0,1.0,died
cem_original,round_04,40000030,red,0.0,1.0,died
cem_original,round_04,40000031,red,0.0,1.0,died
cem_original,round_04,40000032,red,0.0,1.0,died
cem_original,round_04,40000033,red,0.0,1.0,died
cem_original,round_04,40000034,red,0.0,1.0,died
cem_original,round_04,40000035,red,0.0,1.0,died
cem_original,round_04,40000036,red,0.0,1.0,died
cem_original,round_04,40000037,red,0.0,1.0,died
cem_original,round_04,40000038,red,0.0,1.0,died
cem_original,round_04,40000039,red,0.0,1.0,died
cem_original,round_04,40000000,blue,0.0,1.0,died
cem_original,round_04,40000001,blue,0.0,1.0,died
cem_original,round_04,40000002,blue,0.0,1.0,died
cem_original,round_04,40000003,blue,0.0,1.0,died
cem_original,round_04,40000004,blue,0.0,1.0,died
cem_original,round_04,40000005,blue,0.0,1.0,died
cem_original,round_04,40000006,blue,0.0,1.0,died
cem_original,round_04,40000007,blue,0.0,1.0,died
cem_original,round_04,40000008,blue,0.0,1.0,died
cem_original,round_04,40000009,blue,0.0,1.0,died
cem_original,round_04,40000010,blue,0.0,1.0,died
cem_original,round_04,40000011,blue,0.0,1.0,died
cem_original,round_04,40000012,blue,0.0,1.0,died
cem_original,round_04,40000013,blue,0.0,1.0,died
cem_original,round_04,40000014,blue,0.0,1.0,died
cem_original,round_04,40000015,blue,0.0,1.0,died
cem_original,round_04,40000016,blue,0.0,1.0,died
cem_original,round_04,40000017,blue,0.0,1.0,died
cem_original,round_04,40000018,blue,0.0,1.0,died
cem_original,round_04,40000019,blue,0.0,1.0,died
cem_original,round_04,40000020,blue,0.0,1.0,died
cem_original,round_04,40000021,blue,0.0,1.0,died
cem_original,round_04,40000022,blue,0.0,1.0,died
cem_original,round_04,40000023,blue,0.0,1.0,died
cem_original,round_04,40000024,blue,0.0,1.0,died
cem_original,round_04,40000025,blue,0.0,1.0,died
cem_original,round_04,40000026,blue,0.0,1.0,died
cem_original,round_04,40000027,blue,0.0,1.0,died
cem_original,round_04,40000028,blue,0.0,1.0,died
cem_original,round_04,40000029,blue,0.0,1.0,died
cem_original,round_04,40000030,blue,0.0,1.0,died
cem_original,round_04,40000031,blue,0.0,1.0,died
cem_original,round_04,40000032,blue,0.0,1.0,died
cem_original,round_04,40000033,blue,0.0,1.0,died
cem_original,round_04,40000034,blue,0.0,1.0,died
cem_original,round_04,40000035,blue,0.0,1.0,died
cem_original,round_04,40000036,blue,0.0,1.0,died
cem_original,round_04,40000037,blue,0.0,1.0,died
cem_original,round_04,40000038,blue,0.0,1.0,died
cem_original,round_04,40000039,blue,0.0,1.0,died
cem_original,round_05,40000000,red,0.0,1.0,died
cem_original,round_05,40000001,red,0.0,1.0,died
cem_original,round_05,40000002,red,0.0,1.0,died
cem_original,round_05,40000003,red,0.0,1.0,died
cem_original,round_05,40000004,red,0.0,1.0,died
cem_original,round_05,40000005,red,0.0,1.0,died
cem_original,round_05,40000006,red,0.0,1.0,died
cem_original,round_05,40000007,red,0.0,1.0,died
cem_original,round_05,40000008,red,0.0,1.0,died
cem_original,round_05,40000009,red,0.0,1.0,died
cem_original,round_05,40000010,red,0.0,1.0,died
cem_original,round_05,40000011,red,0.0,1.0,died
cem_original,round_05,40000012,red,0.0,1.0,died
cem_original,round_05,40000013,red,0.0,1.0,died
cem_original,round_05,40000014,red,0.0,1.0,died
cem_original,round_05,40000015,red,0.0,1.0,died
cem_original,round_05,40000016,red,0.0,1.0,died
cem_original,round_05,40000017,red,0.0,1.0,died
cem_original,round_05,40000018,red,0.0,1.0,died
cem_original,round_05,40000019,red,0.0,1.0,died
cem_original,round_05,40000020,red,0.0,1.0,died
cem_original,round_05,40000021,red,0.0,1.0,died
cem_original,round_05,40000022,red,0.0,1.0,died
cem_original,round_05,40000023,red,0.0,1.0,died
cem_original,round_05,40000024,red,0.0,1.0,died
cem_original,round_05,40000025,red,0.0,1.0,died
cem_original,round_05,40000026,red,0.0,1.0,died
cem_original,round_05,40000027,red,0.0,1.0,died
cem_original,round_05,40000028,red,0.0,1.0,died
cem_original,round_05,40000029,red,0.0,1.0,died
cem_original,round_05,40000030,red,0.0,1.0,died
cem_original,round_05,40000031,red,0.0,1.0,died
cem_original,round_05,40000032,red,0.0,1.0,died
cem_original,round_05,40000033,red,0.0,1.0,died
cem_original,round_05,40000034,red,0.0,1.0,died
cem_original,round_05,40000035,red,0.0,1.0,died
cem_original,round_05,40000036,red,0.0,1.0,died
cem_original,round_05,40000037,red,0.0,1.0,died
cem_original,round_05,40000038,red,0.0,1.0,died
cem_original,round_05,40000039,red,0.0,1.0,died
cem_original,round_05,40000000,blue,0.0,1.0,died
cem_original,round_05,40000001,blue,0.0,1.0,died
cem_original,round_05,40000002,blue,0.0,1.0,died
cem_original,round_05,40000003,blue,0.0,1.0,died
cem_original,round_05,40000004,blue,0.0,1.0,died
cem_original,round_05,40000005,blue,0.0,1.0,died
cem_original,round_05,40000006,blue,0.0,1.0,died
cem_original,round_05,40000007,blue,0.0,1.0,died
cem_original,round_05,40000008,blue,0.0,1.0,died
cem_original,round_05,40000009,blue,0.0,1.0,died
cem_original,round_05,40000010,blue,0.0,1.0,died
cem_original,round_05,40000011,blue,0.0,1.0,died
cem_original,round_05,40000012,blue,0.0,1.0,died
cem_original,round_05,40000013,blue,0.0,1.0,died
cem_original,round_05,40000014,blue,0.0,1.0,died
cem_original,round_05,40000015,blue,0.0,1.0,died
cem_original,round_05,40000016,blue,0.0,1.0,died
cem_original,round_05,40000017,blue,0.0,1.0,died
cem_original,round_05,40000018,blue,0.0,1.0,died
cem_original,round_05,40000019,blue,0.0,1.0,died
cem_original,round_05,40000020,blue,0.0,1.0,died
cem_original,round_05,40000021,blue,0.0,1.0,died
cem_original,round_05,40000022,blue,0.0,1.0,died
cem_original,round_05,40000023,blue,0.0,1.0,died
cem_original,round_05,40000024,blue,0.0,1.0,died
cem_original,round_05,40000025,blue,0.0,1.0,died
cem_original,round_05,40000026,blue,0.0,1.0,died
cem_original,round_05,40000027,blue,0.0,1.0,died
cem_original,round_05,40000028,blue,0.0,1.0,died
cem_original,round_05,40000029,blue,0.0,1.0,died
cem_original,round_05,40000030,blue,0.0,1.0,died
cem_original,round_05,40000031,blue,0.0,1.0,died
cem_original,round_05,40000032,blue,0.0,1.0,died
cem_original,round_05,40000033,blue,0.0,1.0,died
cem_original,round_05,40000034,blue,0.0,1.0,died
cem_original,round_05,40000035,blue,0.0,1.0,died
cem_original,round_05,40000036,blue,0.0,1.0,died
cem_original,round_05,40000037,blue,0.0,1.0,died
cem_original,round_05,40000038,blue,0.0,1.0,died
cem_original,round_05,40000039,blue,0.0,1.0,died
cem_original,lead,40000000,red,0.34,0.2575,timeout
cem_original,lead,40000001,red,0.472,0.2575,timeout
cem_original,lead,40000002,red,0.2575,0.0,kill
cem_original,lead,40000003,red,0.241,0.0,kill
cem_original,lead,40000004,red,0.2905,0.0,kill
cem_original,lead,40000005,red,0.2575,0.2575,timeout
cem_original,lead,40000006,red,0.2575,0.0,kill
cem_original,lead,40000007,red,0.2575,0.0,kill
cem_original,lead,40000008,red,0.2575,0.0,kill
cem_original,lead,40000009,red,0.2575,0.0,kill
cem_original,lead,40000010,red,0.307,0.0,kill
cem_original,lead,40000011,red,0.2575,0.0,kill
cem_original,lead,40000012,red,0.34,0.307,timeout
cem_original,lead,40000013,red,0.2575,0.0,kill
cem_original,lead,40000014,red,0.2575,0.0,kill
cem_original,lead,40000015,red,0.241,0.0,kill
cem_original,lead,40000016,red,0.2575,0.0,kill
cem_original,lead,40000017,red,0.2575,0.0,kill
cem_original,lead,40000018,red,0.2575,0.0,kill
cem_original,lead,40000019,red,0.274,0.0,kill
cem_original,lead,40000020,red,0.2575,0.0,kill
cem_original,lead,40000021,red,0.241,0.0,kill
cem_original,lead,40000022,red,0.241,0.0,kill
cem_original,lead,40000023,red,0.2575,0.2575,timeout
cem_original,lead,40000024,red,0.2575,0.0,kill
cem_original,lead,40000025,red,0.2575,0.0,kill
cem_original,lead,40000026,red,0.2575,0.0,kill
cem_original,lead,40000027,red,0.307,0.0,kill
cem_original,lead,40000028,red,0.274,0.0,kill
cem_original,lead,40000029,red,0.2575,0.0,kill
cem_original,lead,40000030,red,0.274,0.274,timeout
cem_original,lead,40000031,red,0.2905,0.0,kill
cem_original,lead,40000032,red,0.2575,0.0,kill
cem_original,lead,40000033,red,0.274,0.0,kill
cem_original,lead,40000034,red,0.274,0.0,kill
cem_original,lead,40000035,red,0.274,0.0,kill
cem_original,lead,40000036,red,0.2905,0.0,kill
cem_original,lead,40000037,red,0.2575,0.2575,timeout
cem_original,lead,40000038,red,0.274,0.0,kill
cem_original,lead,40000039,red,0.2575,0.2575,timeout
cem_original,lead,40000000,blue,0.3235,0.274,timeout
cem_original,lead,40000001,blue,0.4225,0.2575,timeout
cem_original,lead,40000002,blue,0.2575,0.0,kill
cem_original,lead,40000003,blue,0.274,0.0,kill
cem_original,lead,40000004,blue,0.2575,0.0,kill
cem_original,lead,40000005,blue,0.274,0.274,timeout
cem_original,lead,40000006,blue,0.2575,0.0,kill
cem_original,lead,40000007,blue,0.2575,0.0,kill
cem_original,lead,40000008,blue,0.2575,0.0,kill
cem_original,lead,40000009,blue,0.274,0.0,kill
cem_original,lead,40000010,blue,0.307,0.0,kill
cem_original,lead,40000011,blue,0.2575,0.0,kill
cem_original,lead,40000012,blue,0.0,0.274,died
cem_original,lead,40000013,blue,0.2575,0.0,kill
cem_original,lead,40000014,blue,0.2905,0.0,kill
cem_original,lead,40000015,blue,0.274,0.0,kill
cem_original,lead,40000016,blue,0.2905,0.0,kill
cem_original,lead,40000017,blue,0.241,0.0,kill
cem_original,lead,40000018,blue,0.274,0.0,kill
cem_original,lead,40000019,blue,0.2575,0.0,kill
cem_original,lead,40000020,blue,0.274,0.0,kill
cem_original,lead,40000021,blue,0.274,0.0,kill
cem_original,lead,40000022,blue,0.274,0.0,kill
cem_original,lead,40000023,blue,0.2575,0.2575,timeout
cem_original,lead,40000024,blue,0.2575,0.0,kill
cem_original,lead,40000025,blue,0.2575,0.0,kill
cem_original,lead,40000026,blue,0.2245,0.0,kill
cem_original,lead,40000027,blue,0.307,0.0,kill
cem_original,lead,40000028,blue,0.274,0.0,kill
cem_original,lead,40000029,blue,0.3235,0.0,kill
cem_original,lead,40000030,blue,0.2575,0.2575,timeout
cem_original,lead,40000031,blue,0.241,0.0,kill
cem_original,lead,40000032,blue,0.2905,0.0,kill
cem_original,lead,40000033,blue,0.307,0.0,kill
cem_original,lead,40000034,blue,0.241,0.0,kill
cem_original,lead,40000035,blue,0.307,0.0,kill
cem_original,lead,40000036,blue,0.2245,0.0,kill
cem_original,lead,40000037,blue,0.2575,0.2575,timeout
cem_original,lead,40000038,blue,0.2905,0.0,kill
cem_original,lead,40000039,blue,0.274,0.0,kill
cem_original,circler,40000000,red,1.0,1.0,timeout
cem_original,circler,40000001,red,1.0,1.0,timeout
cem_original,circler,40000002,red,1.0,1.0,timeout
cem_original,circler,40000003,red,1.0,1.0,timeout
cem_original,circler,40000004,red,1.0,1.0,timeout
cem_original,circler,40000005,red,1.0,1.0,timeout
cem_original,circler,40000006,red,1.0,1.0,timeout
cem_original,circler,40000007,red,1.0,1.0,timeout
cem_original,circler,40000008,red,1.0,1.0,timeout
cem_original,circler,40000009,red,1.0,1.0,timeout
cem_original,circler,40000010,red,1.0,1.0,timeout
cem_original,circler,40000011,red,1.0,1.0,timeout
cem_original,circler,40000012,red,1.0,1.0,timeout
cem_original,circler,40000013,red,1.0,1.0,timeout
cem_original,circler,40000014,red,1.0,1.0,timeout
cem_original,circler,40000015,red,1.0,1.0,timeout
cem_original,circler,40000016,red,1.0,1.0,timeout
cem_original,circler,40000017,red,1.0,1.0,timeout
cem_original,circler,40000018,red,1.0,1.0,timeout
cem_original,circler,40000019,red,1.0,1.0,timeout
cem_original,circler,40000020,red,1.0,1.0,timeout
cem_original,circler,40000021,red,1.0,1.0,timeout
cem_original,circler,40000022,red,1.0,1.0,timeout
cem_original,circler,40000023,red,1.0,1.0,timeout
cem_original,circler,40000024,red,1.0,1.0,timeout
cem_original,circler,40000025,red,1.0,1.0,timeout
cem_original,circler,40000026,red,1.0,1.0,timeout
cem_original,circler,40000027,red,1.0,1.0,timeout
cem_original,circler,40000028,red,1.0,1.0,timeout
cem_original,circler,40000029,red,1.0,1.0,timeout
cem_original,circler,40000030,red,1.0,1.0,timeout
cem_original,circler,40000031,red,1.0,1.0,timeout
cem_original,circler,40000032,red,1.0,1.0,timeout
cem_original,circler,40000033,red,1.0,1.0,timeout
cem_original,circler,40000034,red,1.0,1.0,timeout
cem_original,circler,40000035,red,1.0,1.0,timeout
cem_original,circler,40000036,red,1.0,1.0,timeout
cem_original,circler,40000037,red,1.0,0.736,timeout
cem_original,circler,40000038,red,1.0,1.0,timeout
cem_original,circler,40000039,red,1.0,1.0,timeout
cem_original,circler,40000000,blue,1.0,1.0,timeout
cem_original,circler,40000001,blue,1.0,1.0,timeout
cem_original,circler,40000002,blue,1.0,1.0,timeout
cem_original,circler,40000003,blue,1.0,1.0,timeout
cem_original,circler,40000004,blue,1.0,1.0,timeout
cem_original,circler,40000005,blue,1.0,1.0,timeout
cem_original,circler,40000006,blue,1.0,1.0,timeout
cem_original,circler,40000007,blue,1.0,1.0,timeout
cem_original,circler,40000008,blue,1.0,1.0,timeout
cem_original,circler,40000009,blue,1.0,1.0,timeout
cem_original,circler,40000010,blue,1.0,1.0,timeout
cem_original,circler,40000011,blue,1.0,1.0,timeout
cem_original,circler,40000012,blue,1.0,1.0,timeout
cem_original,circler,40000013,blue,1.0,1.0,timeout
cem_original,circler,40000014,blue,1.0,1.0,timeout
cem_original,circler,40000015,blue,1.0,1.0,timeout
cem_original,circler,40000016,blue,1.0,1.0,timeout
cem_original,circler,40000017,blue,1.0,1.0,timeout
cem_original,circler,40000018,blue,1.0,1.0,timeout
cem_original,circler,40000019,blue,1.0,1.0,timeout
cem_original,circler,40000020,blue,1.0,1.0,timeout
cem_original,circler,40000021,blue,1.0,1.0,timeout
cem_original,circler,40000022,blue,1.0,1.0,timeout
cem_original,circler,40000023,blue,1.0,1.0,timeout
cem_original,circler,40000024,blue,1.0,1.0,timeout
cem_original,circler,40000025,blue,1.0,0.5545,timeout
cem_original,circler,40000026,blue,1.0,1.0,timeout
cem_original,circler,40000027,blue,1.0,1.0,timeout
cem_original,circler,40000028,blue,1.0,1.0,timeout
cem_original,circler,40000029,blue,1.0,1.0,timeout
cem_original,circler,40000030,blue,1.0,1.0,timeout
cem_original,circler,40000031,blue,1.0,1.0,timeout
cem_original,circler,40000032,blue,1.0,1.0,timeout
cem_original,circler,40000033,blue,1.0,1.0,timeout
cem_original,circler,40000034,blue,1.0,1.0,timeout
cem_original,circler,40000035,blue,1.0,1.0,timeout
cem_original,circler,40000036,blue,1.0,1.0,timeout
cem_original,circler,40000037,blue,1.0,1.0,timeout
cem_original,circler,40000038,blue,1.0,1.0,timeout
cem_original,circler,40000039,blue,1.0,1.0,timeout
cem_original,ddqn_s0,40000000,red,0.6205,1.0,timeout
cem_original,ddqn_s0,40000001,red,1.0,0.0,kill
cem_original,ddqn_s0,40000002,red,1.0,1.0,timeout
cem_original,ddqn_s0,40000003,red,0.7195,1.0,timeout
cem_original,ddqn_s0,40000004,red,0.3895,1.0,timeout
cem_original,ddqn_s0,40000005,red,1.0,1.0,timeout
cem_original,ddqn_s0,40000006,red,0.901,1.0,timeout
cem_original,ddqn_s0,40000007,red,0.7525,1.0,timeout
cem_original,ddqn_s0,40000008,red,1.0,0.0,kill
cem_original,ddqn_s0,40000009,red,0.2245,1.0,timeout
cem_original,ddqn_s0,40000010,red,0.373,1.0,timeout
cem_original,ddqn_s0,40000011,red,1.0,0.0,kill
cem_original,ddqn_s0,40000012,red,1.0,0.0,kill
cem_original,ddqn_s0,40000013,red,0.5875,1.0,timeout
cem_original,ddqn_s0,40000014,red,0.8845,1.0,timeout
cem_original,ddqn_s0,40000015,red,0.802,1.0,timeout
cem_original,ddqn_s0,40000016,red,1.0,1.0,timeout
cem_original,ddqn_s0,40000017,red,0.703,1.0,timeout
cem_original,ddqn_s0,40000018,red,1.0,0.0,kill
cem_original,ddqn_s0,40000019,red,1.0,1.0,timeout
cem_original,ddqn_s0,40000020,red,0.571,1.0,timeout
cem_original,ddqn_s0,40000021,red,1.0,1.0,timeout
cem_original,ddqn_s0,40000022,red,0.868,1.0,timeout
cem_original,ddqn_s0,40000023,red,0.5545,1.0,timeout
cem_original,ddqn_s0,40000024,red,0.4885,1.0,timeout
cem_original,ddqn_s0,40000025,red,1.0,0.0,kill
cem_original,ddqn_s0,40000026,red,0.439,1.0,timeout
cem_original,ddqn_s0,40000027,red,0.208,1.0,timeout
cem_original,ddqn_s0,40000028,red,0.3895,1.0,timeout
cem_original,ddqn_s0,40000029,red,0.4555,1.0,timeout
cem_original,ddqn_s0,40000030,red,1.0,0.505,timeout
cem_original,ddqn_s0,40000031,red,0.472,1.0,timeout
cem_original,ddqn_s0,40000032,red,0.5215,1.0,timeout
cem_original,ddqn_s0,40000033,red,0.3895,1.0,timeout
cem_original,ddqn_s0,40000034,red,0.4885,1.0,timeout
cem_original,ddqn_s0,40000035,red,0.34,1.0,timeout
cem_original,ddqn_s0,40000036,red,0.3895,1.0,timeout
cem_original,ddqn_s0,40000037,red,0.0,1.0,died
cem_original,ddqn_s0,40000038,red,0.0,0.3565,died
cem_original,ddqn_s0,40000039,red,1.0,0.0,kill
cem_original,ddqn_s0,40000000,blue,0.637,1.0,timeout
cem_original,ddqn_s0,40000001,blue,1.0,0.0,kill
cem_original,ddqn_s0,40000002,blue,0.7855,1.0,timeout
cem_original,ddqn_s0,40000003,blue,1.0,1.0,timeout
cem_original,ddqn_s0,40000004,blue,0.406,1.0,timeout
cem_original,ddqn_s0,40000005,blue,1.0,1.0,timeout
cem_original,ddqn_s0,40000006,blue,1.0,1.0,timeout
cem_original,ddqn_s0,40000007,blue,0.901,1.0,timeout
cem_original,ddqn_s0,40000008,blue,1.0,0.0,kill
cem_original,ddqn_s0,40000009,blue,0.3895,1.0,timeout
cem_original,ddqn_s0,40000010,blue,0.406,1.0,timeout
cem_original,ddqn_s0,40000011,blue,1.0,1.0,timeout
cem_original,ddqn_s0,40000012,blue,1.0,0.0,kill
cem_original,ddqn_s0,40000013,blue,0.34,1.0,timeout
cem_original,ddqn_s0,40000014,blue,0.7855,1.0,timeout
cem_original,ddqn_s0,40000015,blue,0.934,1.0,timeout
cem_original,ddqn_s0,40000016,blue,0.736,1.0,timeout
cem_original,ddqn_s0,40000017,blue,0.7195,1.0,timeout
cem_original,ddqn_s0,40000018,blue,1.0,0.0,kill
cem_original,ddqn_s0,40000019,blue,0.7855,1.0,timeout
cem_original,ddqn_s0,40000020,blue,0.3895,1.0,timeout
cem_original,ddqn_s0,40000021,blue,0.802,1.0,timeout
cem_original,ddqn_s0,40000022,blue,0.373,1.0,timeout
cem_original,ddqn_s0,40000023,blue,0.3895,1.0,timeout
cem_original,ddqn_s0,40000024,blue,1.0,0.0,kill
cem_original,ddqn_s0,40000025,blue,1.0,0.0,kill
cem_original,ddqn_s0,40000026,blue,0.439,1.0,timeout
cem_original,ddqn_s0,40000027,blue,0.2245,1.0,timeout
cem_original,ddqn_s0,40000028,blue,0.439,1.0,timeout
cem_original,ddqn_s0,40000029,blue,0.769,1.0,timeout
cem_original,ddqn_s0,40000030,blue,1.0,0.0,kill
cem_original,ddqn_s0,40000031,blue,0.439,1.0,timeout
cem_original,ddqn_s0,40000032,blue,0.769,1.0,timeout
cem_original,ddqn_s0,40000033,blue,0.4225,1.0,timeout
cem_original,ddqn_s0,40000034,blue,0.571,1.0,timeout
cem_original,ddqn_s0,40000035,blue,0.472,1.0,timeout
cem_original,ddqn_s0,40000036,blue,0.604,1.0,timeout
cem_original,ddqn_s0,40000037,blue,1.0,0.0,kill
cem_original,ddqn_s0,40000038,blue,1.0,1.0,timeout
cem_original,ddqn_s0,40000039,blue,1.0,0.0,kill
refine_2200,cem_original,40000000,red,1.0,0.0,kill
refine_2200,cem_original,40000001,red,1.0,0.0,kill
refine_2200,cem_original,40000002,red,1.0,0.0,kill
refine_2200,cem_original,40000003,red,1.0,0.0,kill
refine_2200,cem_original,40000004,red,1.0,0.0,kill
refine_2200,cem_original,40000005,red,1.0,0.0,kill
refine_2200,cem_original,40000006,red,1.0,0.0,kill
refine_2200,cem_original,40000007,red,1.0,0.0,kill
refine_2200,cem_original,40000008,red,1.0,0.0,kill
refine_2200,cem_original,40000009,red,1.0,0.0,kill
refine_2200,cem_original,40000010,red,1.0,0.0,kill
refine_2200,cem_original,40000011,red,1.0,0.0,kill
refine_2200,cem_original,40000012,red,1.0,0.0,kill
refine_2200,cem_original,40000013,red,1.0,0.0,kill
refine_2200,cem_original,40000014,red,1.0,0.0,kill
refine_2200,cem_original,40000015,red,1.0,0.0,kill
refine_2200,cem_original,40000016,red,1.0,0.0,kill
refine_2200,cem_original,40000017,red,1.0,0.0,kill
refine_2200,cem_original,40000018,red,1.0,0.0,kill
refine_2200,cem_original,40000019,red,1.0,0.0,kill
refine_2200,cem_original,40000020,red,1.0,0.0,kill
refine_2200,cem_original,40000021,red,1.0,0.0,kill
refine_2200,cem_original,40000022,red,1.0,0.0,kill
refine_2200,cem_original,40000023,red,1.0,0.0,kill
refine_2200,cem_original,40000024,red,1.0,0.0,kill
refine_2200,cem_original,40000025,red,1.0,0.0,kill
refine_2200,cem_original,40000026,red,1.0,0.0,kill
refine_2200,cem_original,40000027,red,1.0,0.0,kill
refine_2200,cem_original,40000028,red,1.0,0.0,kill
refine_2200,cem_original,40000029,red,1.0,0.0,kill
refine_2200,cem_original,40000030,red,1.0,0.0,kill
refine_2200,cem_original,40000031,red,1.0,0.0,kill
refine_2200,cem_original,40000032,red,1.0,0.0,kill
refine_2200,cem_original,40000033,red,1.0,0.0,kill
refine_2200,cem_original,40000034,red,1.0,0.0,kill
refine_2200,cem_original,40000035,red,1.0,0.0,kill
refine_2200,cem_original,40000036,red,1.0,0.0,kill
refine_2200,cem_original,40000037,red,1.0,0.0,kill
refine_2200,cem_original,40000038,red,1.0,0.0,kill
refine_2200,cem_original,40000039,red,1.0,0.0,kill
refine_2200,cem_original,40000000,blue,1.0,0.0,kill
refine_2200,cem_original,40000001,blue,1.0,0.0,kill
refine_2200,cem_original,40000002,blue,1.0,0.0,kill
refine_2200,cem_original,40000003,blue,1.0,0.0,kill
refine_2200,cem_original,40000004,blue,1.0,0.0,kill
refine_2200,cem_original,40000005,blue,1.0,0.0,kill
refine_2200,cem_original,40000006,blue,1.0,0.0,kill
refine_2200,cem_original,40000007,blue,1.0,0.0,kill
refine_2200,cem_original,40000008,blue,1.0,0.0,kill
refine_2200,cem_original,40000009,blue,1.0,0.0,kill
refine_2200,cem_original,40000010,blue,1.0,0.0,kill
refine_2200,cem_original,40000011,blue,1.0,0.0,kill
refine_2200,cem_original,40000012,blue,1.0,0.0,kill
refine_2200,cem_original,40000013,blue,1.0,0.0,kill
refine_2200,cem_original,40000014,blue,1.0,0.0,kill
refine_2200,cem_original,40000015,blue,1.0,0.0,kill
refine_2200,cem_original,40000016,blue,1.0,0.0,kill
refine_2200,cem_original,40000017,blue,1.0,0.0,kill
refine_2200,cem_original,40000018,blue,1.0,0.0,kill
refine_2200,cem_original,40000019,blue,1.0,0.0,kill
refine_2200,cem_original,40000020,blue,1.0,0.0,kill
refine_2200,cem_original,40000021,blue,1.0,0.0,kill
refine_2200,cem_original,40000022,blue,1.0,0.0,kill
refine_2200,cem_original,40000023,blue,1.0,0.0,kill
refine_2200,cem_original,40000024,blue,1.0,0.0,kill
refine_2200,cem_original,40000025,blue,1.0,0.0,kill
refine_2200,cem_original,40000026,blue,1.0,0.0,kill
refine_2200,cem_original,40000027,blue,1.0,0.0,kill
refine_2200,cem_original,40000028,blue,1.0,0.0,kill
refine_2200,cem_original,40000029,blue,1.0,0.0,kill
refine_2200,cem_original,40000030,blue,1.0,0.0,kill
refine_2200,cem_original,40000031,blue,1.0,0.0,kill
refine_2200,cem_original,40000032,blue,1.0,0.0,kill
refine_2200,cem_original,40000033,blue,1.0,0.0,kill
refine_2200,cem_original,40000034,blue,1.0,0.0,kill
refine_2200,cem_original,40000035,blue,1.0,0.0,kill
refine_2200,cem_original,40000036,blue,1.0,0.0,kill
refine_2200,cem_original,40000037,blue,1.0,0.0,kill
refine_2200,cem_original,40000038,blue,1.0,0.0,kill
refine_2200,cem_original,40000039,blue,1.0,0.0,kill
refine_2200,ddqn_s1,40000000,red,1.0,0.0,kill
refine_2200,ddqn_s1,40000001,red,1.0,0.0,kill
refine_2200,ddqn_s1,40000002,red,1.0,0.0,kill
refine_2200,ddqn_s1,40000003,red,1.0,0.0,kill
refine_2200,ddqn_s1,40000004,red,1.0,0.0,kill
refine_2200,ddqn_s1,40000005,red,1.0,0.0,kill
refine_2200,ddqn_s1,40000006,red,1.0,0.0,kill
refine_2200,ddqn_s1,40000007,red,1.0,0.0,kill
refine_2200,ddqn_s1,40000008,red,1.0,0.0,kill
refine_2200,ddqn_s1,40000009,red,1.0,0.0,kill
refine_2200,ddqn_s1,40000010,red,1.0,0.0,kill
refine_2200,ddqn_s1,40000011,red,1.0,0.0,kill
refine_2200,ddqn_s1,40000012,red,1.0,0.0,kill
refine_2200,ddqn_s1,40000013,red,1.0,0.0,kill
refine_2200,ddqn_s1,40000014,red,1.0,0.0,kill
refine_2200,ddqn_s1,40000015,red,1.0,0.0,kill
refine_2200,ddqn_s1,40000016,red,1.0,0.0,kill
refine_2200,ddqn_s1,40000017,red,1.0,0.0,kill
refine_2200,ddqn_s1,40000018,red,1.0,0.0,kill
refine_2200,ddqn_s1,40000019,red,1.0,0.0,kill
refine_2200,ddqn_s1,40000020,red,1.0,0.0,kill
refine_2200,ddqn_s1,40000021,red,1.0,0.0,kill
refine_2200,ddqn_s1,40000022,red,1.0,0.0,kill
refine_2200,ddqn_s1,40000023,red,1.0,0.0,kill
refine_2200,ddqn_s1,40000024,red,1.0,0.0,kill
refine_2200,ddqn_s1,40000025,red,1.0,0.0,kill
refine_2200,ddqn_s1,40000026,red,1.0,0.0,kill
refine_2200,ddqn_s1,40000027,red,1.0,0.0,kill
refine_2200,ddqn_s1,40000028,red,1.0,0.0,kill
refine_2200,ddqn_s1,40000029,red,1.0,0.0,kill
refine_2200,ddqn_s1,40000030,red,1.0,0.0,kill
refine_2200,ddqn_s1,40000031,red,1.0,0.0,kill
refine_2200,ddqn_s1,40000032,red,1.0,0.0,kill
refine_2200,ddqn_s1,40000033,red,1.0,0.0,kill
refine_2200,ddqn_s1,40000034,red,1.0,0.0,kill
refine_2200,ddqn_s1,40000035,red,1.0,0.0,kill
refine_2200,ddqn_s1,40000036,red,1.0,0.0,kill
refine_2200,ddqn_s1,40000037,red,1.0,0.0,kill
refine_2200,ddqn_s1,40000038,red,1.0,0.0,kill
refine_2200,ddqn_s1,40000039,red,1.0,0.0,kill
refine_2200,ddqn_s1,40000000,blue,1.0,0.0,kill
refine_2200,ddqn_s1,40000001,blue,1.0,0.0,kill
refine_2200,ddqn_s1,40000002,blue,1.0,0.0,kill
refine_2200,ddqn_s1,40000003,blue,1.0,0.0,kill
refine_2200,ddqn_s1,40000004,blue,1.0,0.0,kill
refine_2200,ddqn_s1,40000005,blue,1.0,0.0,kill
refine_2200,ddqn_s1,40000006,blue,1.0,0.0,kill
refine_2200,ddqn_s1,40000007,blue,1.0,0.0,kill
refine_2200,ddqn_s1,40000008,blue,1.0,0.0,kill
refine_2200,ddqn_s1,40000009,blue,1.0,0.0,kill
refine_2200,ddqn_s1,40000010,blue,1.0,0.0,kill
refine_2200,ddqn_s1,40000011,blue,1.0,0.0,kill
refine_2200,ddqn_s1,40000012,blue,1.0,0.0,kill
refine_2200,ddqn_s1,40000013,blue,1.0,0.0,kill
refine_2200,ddqn_s1,40000014,blue,1.0,0.0,kill
refine_2200,ddqn_s1,40000015,blue,1.0,0.0,kill
refine_2200,ddqn_s1,40000016,blue,1.0,0.0,kill
refine_2200,ddqn_s1,40000017,blue,1.0,0.0,kill
refine_2200,ddqn_s1,40000018,blue,1.0,0.0,kill
refine_2200,ddqn_s1,40000019,blue,1.0,0.0,kill
refine_2200,ddqn_s1,40000020,blue,1.0,0.0,kill
refine_2200,ddqn_s1,40000021,blue,1.0,0.0,kill
refine_2200,ddqn_s1,40000022,blue,1.0,0.0,kill
refine_2200,ddqn_s1,40000023,blue,1.0,0.0,kill
refine_2200,ddqn_s1,40000024,blue,1.0,0.0,kill
refine_2200,ddqn_s1,40000025,blue,1.0,0.0,kill
refine_2200,ddqn_s1,40000026,blue,1.0,0.0,kill
refine_2200,ddqn_s1,40000027,blue,1.0,0.0,kill
refine_2200,ddqn_s1,40000028,blue,1.0,0.0,kill
refine_2200,ddqn_s1,40000029,blue,1.0,0.0,kill
refine_2200,ddqn_s1,40000030,blue,1.0,0.0,kill
refine_2200,ddqn_s1,40000031,blue,1.0,0.0,kill
refine_2200,ddqn_s1,40000032,blue,1.0,0.0,kill
refine_2200,ddqn_s1,40000033,blue,1.0,0.0,kill
refine_2200,ddqn_s1,40000034,blue,1.0,0.0,kill
refine_2200,ddqn_s1,40000035,blue,1.0,0.0,kill
refine_2200,ddqn_s1,40000036,blue,1.0,0.0,kill
refine_2200,ddqn_s1,40000037,blue,1.0,0.0,kill
refine_2200,ddqn_s1,40000038,blue,1.0,0.0,kill
refine_2200,ddqn_s1,40000039,blue,1.0,0.0,kill
refine_2200,ace,40000000,red,0.307,0.0,kill
refine_2200,ace,40000001,red,0.3235,0.0,kill
refine_2200,ace,40000002,red,0.3235,0.0,kill
refine_2200,ace,40000003,red,0.274,0.0,kill
refine_2200,ace,40000004,red,0.3565,0.0,kill
refine_2200,ace,40000005,red,0.3895,0.0,kill
refine_2200,ace,40000006,red,0.2905,0.0,kill
refine_2200,ace,40000007,red,0.307,0.0,kill
refine_2200,ace,40000008,red,0.3565,0.0,kill
refine_2200,ace,40000009,red,0.34,0.0,kill
refine_2200,ace,40000010,red,0.406,0.0,kill
refine_2200,ace,40000011,red,0.3895,0.0,kill
refine_2200,ace,40000012,red,0.3235,0.0,kill
refine_2200,ace,40000013,red,0.406,0.0,kill
refine_2200,ace,40000014,red,0.307,0.0,kill
refine_2200,ace,40000015,red,0.2905,0.0,kill
refine_2200,ace,40000016,red,0.3235,0.0,kill
refine_2200,ace,40000017,red,0.373,0.0,kill
refine_2200,ace,40000018,red,0.2905,0.0,kill
refine_2200,ace,40000019,red,0.307,0.0,kill
refine_2200,ace,40000020,red,0.406,0.0,kill
refine_2200,ace,40000021,red,0.2905,0.0,kill
refine_2200,ace,40000022,red,0.34,0.0,kill
refine_2200,ace,40000023,red,0.34,0.0,kill
refine_2200,ace,40000024,red,0.373,0.0,kill
refine_2200,ace,40000025,red,0.274,0.0,kill
refine_2200,ace,40000026,red,0.307,0.0,kill
refine_2200,ace,40000027,red,0.3565,0.0,kill
refine_2200,ace,40000028,red,0.34,0.0,kill
refine_2200,ace,40000029,red,0.3235,0.0,kill
refine_2200,ace,40000030,red,0.406,0.0,kill
refine_2200,ace,40000031,red,0.3895,0.0,kill
refine_2200,ace,40000032,red,0.307,0.0,kill
refine_2200,ace,40000033,red,0.274,0.0,kill
refine_2200,ace,40000034,red,0.406,0.0,kill
refine_2200,ace,40000035,red,0.373,0.0,kill
refine_2200,ace,40000036,red,0.373,0.0,kill
refine_2200,ace,40000037,red,0.274,0.0,kill
refine_2200,ace,40000038,red,0.307,0.0,kill
refine_2200,ace,40000039,red,0.4225,0.0,kill
refine_2200,ace,40000000,blue,0.307,0.0,kill
refine_2200,ace,40000001,blue,0.307,0.0,kill
refine_2200,ace,40000002,blue,0.307,0.0,kill
refine_2200,ace,40000003,blue,0.307,0.0,kill
refine_2200,ace,40000004,blue,0.406,0.0,kill
refine_2200,ace,40000005,blue,0.373,0.0,kill
refine_2200,ace,40000006,blue,0.2905,0.0,kill
refine_2200,ace,40000007,blue,0.3235,0.0,kill
refine_2200,ace,40000008,blue,0.373,0.0,kill
refine_2200,ace,40000009,blue,0.34,0.0,kill
refine_2200,ace,40000010,blue,0.4225,0.0,kill
refine_2200,ace,40000011,blue,0.3565,0.0,kill
refine_2200,ace,40000012,blue,0.3235,0.0,kill
refine_2200,ace,40000013,blue,0.373,0.0,kill
refine_2200,ace,40000014,blue,0.2905,0.0,kill
refine_2200,ace,40000015,blue,0.2905,0.0,kill
refine_2200,ace,40000016,blue,0.2905,0.0,kill
refine_2200,ace,40000017,blue,0.3565,0.0,kill
refine_2200,ace,40000018,blue,0.2905,0.0,kill
refine_2200,ace,40000019,blue,0.307,0.0,kill
refine_2200,ace,40000020,blue,0.3895,0.0,kill
refine_2200,ace,40000021,blue,0.274,0.0,kill
refine_2200,ace,40000022,blue,0.3235,0.0,kill
refine_2200,ace,40000023,blue,0.3235,0.0,kill
refine_2200,ace,40000024,blue,0.307,0.0,kill
refine_2200,ace,40000025,blue,0.274,0.0,kill
refine_2200,ace,40000026,blue,0.34,0.0,kill
refine_2200,ace,40000027,blue,0.3565,0.0,kill
refine_2200,ace,40000028,blue,0.3565,0.0,kill
refine_2200,ace,40000029,blue,0.3565,0.0,kill
refine_2200,ace,40000030,blue,0.373,0.0,kill
refine_2200,ace,40000031,blue,0.406,0.0,kill
refine_2200,ace,40000032,blue,0.3565,0.0,kill
refine_2200,ace,40000033,blue,0.2905,0.0,kill
refine_2200,ace,40000034,blue,0.406,0.0,kill
refine_2200,ace,40000035,blue,0.406,0.0,kill
refine_2200,ace,40000036,blue,0.3895,0.0,kill
refine_2200,ace,40000037,blue,0.2905,0.0,kill
refine_2200,ace,40000038,blue,0.34,0.0,kill
refine_2200,ace,40000039,blue,0.4225,0.0,kill
refine_2200,pursuit,40000000,red,0.2905,0.0,kill
refine_2200,pursuit,40000001,red,0.307,0.0,kill
refine_2200,pursuit,40000002,red,0.307,0.0,kill
refine_2200,pursuit,40000003,red,0.274,0.0,kill
refine_2200,pursuit,40000004,red,0.34,0.0,kill
refine_2200,pursuit,40000005,red,0.373,0.0,kill
refine_2200,pursuit,40000006,red,0.2905,0.0,kill
refine_2200,pursuit,40000007,red,0.274,0.0,kill
refine_2200,pursuit,40000008,red,0.3235,0.0,kill
refine_2200,pursuit,40000009,red,0.307,0.0,kill
refine_2200,pursuit,40000010,red,0.3565,0.0,kill
refine_2200,pursuit,40000011,red,0.373,0.0,kill
refine_2200,pursuit,40000012,red,0.2905,0.0,kill
refine_2200,pursuit,40000013,red,0.373,0.0,kill
refine_2200,pursuit,40000014,red,0.2905,0.0,kill
refine_2200,pursuit,40000015,red,0.307,0.0,kill
refine_2200,pursuit,40000016,red,0.2905,0.0,kill
refine_2200,pursuit,40000017,red,0.3565,0.0,kill
refine_2200,pursuit,40000018,red,0.274,0.0,kill
refine_2200,pursuit,40000019,red,0.2905,0.0,kill
refine_2200,pursuit,40000020,red,0.373,0.0,kill
refine_2200,pursuit,40000021,red,0.274,0.0,kill
refine_2200,pursuit,40000022,red,0.3235,0.0,kill
refine_2200,pursuit,40000023,red,0.307,0.0,kill
refine_2200,pursuit,40000024,red,0.3565,0.0,kill
refine_2200,pursuit,40000025,red,0.274,0.0,kill
refine_2200,pursuit,40000026,red,0.2905,0.0,kill
refine_2200,pursuit,40000027,red,0.3235,0.0,kill
refine_2200,pursuit,40000028,red,0.2905,0.0,kill
refine_2200,pursuit,40000029,red,0.2905,0.0,kill
refine_2200,pursuit,40000030,red,0.373,0.0,kill
refine_2200,pursuit,40000031,red,0.307,0.0,kill
refine_2200,pursuit,40000032,red,0.2905,0.0,kill
refine_2200,pursuit,40000033,red,0.2905,0.0,kill
refine_2200,pursuit,40000034,red,0.34,0.0,kill
refine_2200,pursuit,40000035,red,0.34,0.0,kill
refine_2200,pursuit,40000036,red,0.3235,0.0,kill
refine_2200,pursuit,40000037,red,0.274,0.0,kill
refine_2200,pursuit,40000038,red,0.2905,0.0,kill
refine_2200,pursuit,40000039,red,0.3565,0.0,kill
refine_2200,pursuit,40000000,blue,0.2905,0.0,kill
refine_2200,pursuit,40000001,blue,0.307,0.0,kill
refine_2200,pursuit,40000002,blue,0.2905,0.0,kill
refine_2200,pursuit,40000003,blue,0.2905,0.0,kill
refine_2200,pursuit,40000004,blue,0.373,0.0,kill
refine_2200,pursuit,40000005,blue,0.3565,0.0,kill
refine_2200,pursuit,40000006,blue,0.2905,0.0,kill
refine_2200,pursuit,40000007,blue,0.2905,0.0,kill
refine_2200,pursuit,40000008,blue,0.34,0.0,kill
refine_2200,pursuit,40000009,blue,0.3235,0.0,kill
refine_2200,pursuit,40000010,blue,0.3565,0.0,kill
refine_2200,pursuit,40000011,blue,0.3235,0.0,kill
refine_2200,pursuit,40000012,blue,0.2905,0.0,kill
refine_2200,pursuit,40000013,blue,0.3235,0.0,kill
refine_2200,pursuit,40000014,blue,0.2905,0.0,kill
refine_2200,pursuit,40000015,blue,0.2905,0.0,kill
refine_2200,pursuit,40000016,blue,0.274,0.0,kill
refine_2200,pursuit,40000017,blue,0.2905,0.0,kill
refine_2200,pursuit,40000018,blue,0.2905,0.0,kill
refine_2200,pursuit,40000019,blue,0.274,0.0,kill
refine_2200,pursuit,40000020,blue,0.3235,0.0,kill
refine_2200,pursuit,40000021,blue,0.274,0.0,kill
refine_2200,pursuit,40000022,blue,0.2905,0.0,kill
refine_2200,pursuit,40000023,blue,0.2905,0.0,kill
refine_2200,pursuit,40000024,blue,0.274,0.0,kill
refine_2200,pursuit,40000025,blue,0.274,0.0,kill
refine_2200,pursuit,40000026,blue,0.307,0.0,kill
refine_2200,pursuit,40000027,blue,0.3235,0.0,kill
refine_2200,pursuit,40000028,blue,0.373,0.0,kill
refine_2200,pursuit,40000029,blue,0.3565,0.0,kill
refine_2200,pursuit,40000030,blue,0.3235,0.0,kill
refine_2200,pursuit,40000031,blue,0.3565,0.0,kill
refine_2200,pursuit,40000032,blue,0.34,0.0,kill
refine_2200,pursuit,40000033,blue,0.2905,0.0,kill
refine_2200,pursuit,40000034,blue,0.373,0.0,kill
refine_2200,pursuit,40000035,blue,0.373,0.0,kill
refine_2200,pursuit,40000036,blue,0.3565,0.0,kill
refine_2200,pursuit,40000037,blue,0.274,0.0,kill
refine_2200,pursuit,40000038,blue,0.307,0.0,kill
refine_2200,pursuit,40000039,blue,0.406,0.0,kill
refine_2200,evader,40000000,red,1.0,1.0,timeout
refine_2200,evader,40000001,red,1.0,1.0,timeout
refine_2200,evader,40000002,red,1.0,1.0,timeout
refine_2200,evader,40000003,red,1.0,1.0,timeout
refine_2200,evader,40000004,red,1.0,1.0,timeout
refine_2200,evader,40000005,red,1.0,1.0,timeout
refine_2200,evader,40000006,red,1.0,1.0,timeout
refine_2200,evader,40000007,red,1.0,1.0,timeout
refine_2200,evader,40000008,red,1.0,1.0,timeout
refine_2200,evader,40000009,red,1.0,1.0,timeout
refine_2200,evader,40000010,red,1.0,1.0,timeout
refine_2200,evader,40000011,red,1.0,1.0,timeout
refine_2200,evader,40000012,red,1.0,1.0,timeout
refine_2200,evader,40000013,red,1.0,1.0,timeout
refine_2200,evader,40000014,red,1.0,1.0,timeout
refine_2200,evader,40000015,red,1.0,1.0,timeout
refine_2200,evader,40000016,red,1.0,1.0,timeout
refine_2200,evader,40000017,red,1.0,1.0,timeout
refine_2200,evader,40000018,red,1.0,1.0,timeout
refine_2200,evader,40000019,red,1.0,1.0,timeout
refine_2200,evader,40000020,red,1.0,1.0,timeout
refine_2200,evader,40000021,red,1.0,1.0,timeout
refine_2200,evader,40000022,red,1.0,1.0,timeout
refine_2200,evader,40000023,red,1.0,1.0,timeout
refine_2200,evader,40000024,red,1.0,1.0,timeout
refine_2200,evader,40000025,red,1.0,1.0,timeout
refine_2200,evader,40000026,red,1.0,1.0,timeout
refine_2200,evader,40000027,red,1.0,1.0,timeout
refine_2200,evader,40000028,red,1.0,1.0,timeout
refine_2200,evader,40000029,red,1.0,1.0,timeout
refine_2200,evader,40000030,red,1.0,1.0,timeout
refine_2200,evader,40000031,red,1.0,1.0,timeout
refine_2200,evader,40000032,red,1.0,1.0,timeout
refine_2200,evader,40000033,red,1.0,1.0,timeout
refine_2200,evader,40000034,red,1.0,1.0,timeout
refine_2200,evader,40000035,red,1.0,1.0,timeout
refine_2200,evader,40000036,red,1.0,1.0,timeout
refine_2200,evader,40000037,red,1.0,1.0,timeout
refine_2200,evader,40000038,red,1.0,1.0,timeout
refine_2200,evader,40000039,red,1.0,1.0,timeout
refine_2200,evader,40000000,blue,1.0,1.0,timeout
refine_2200,evader,40000001,blue,1.0,1.0,timeout
refine_2200,evader,40000002,blue,1.0,1.0,timeout
refine_2200,evader,40000003,blue,1.0,1.0,timeout
refine_2200,evader,40000004,blue,1.0,1.0,timeout
refine_2200,evader,40000005,blue,1.0,1.0,timeout
refine_2200,evader,40000006,blue,1.0,1.0,timeout
refine_2200,evader,40000007,blue,1.0,1.0,timeout
refine_2200,evader,40000008,blue,1.0,1.0,timeout
refine_2200,evader,40000009,blue,1.0,1.0,timeout
refine_2200,evader,40000010,blue,1.0,1.0,timeout
refine_2200,evader,40000011,blue,1.0,1.0,timeout
refine_2200,evader,40000012,blue,1.0,1.0,timeout
refine_2200,evader,40000013,blue,1.0,1.0,timeout
refine_2200,evader,40000014,blue,1.0,1.0,timeout
refine_2200,evader,40000015,blue,1.0,1.0,timeout
refine_2200,evader,40000016,blue,1.0,1.0,timeout
refine_2200,evader,40000017,blue,1.0,1.0,timeout
refine_2200,evader,40000018,blue,1.0,1.0,timeout
refine_2200,evader,40000019,blue,1.0,1.0,timeout
refine_2200,evader,40000020,blue,1.0,1.0,timeout
refine_2200,evader,40000021,blue,1.0,1.0,timeout
refine_2200,evader,40000022,blue,1.0,1.0,timeout
refine_2200,evader,40000023,blue,1.0,1.0,timeout
refine_2200,evader,40000024,blue,1.0,1.0,timeout
refine_2200,evader,40000025,blue,1.0,1.0,timeout
refine_2200,evader,40000026,blue,1.0,1.0,timeout
refine_2200,evader,40000027,blue,1.0,1.0,timeout
refine_2200,evader,40000028,blue,1.0,1.0,timeout
refine_2200,evader,40000029,blue,1.0,1.0,timeout
refine_2200,evader,40000030,blue,1.0,1.0,timeout
refine_2200,evader,40000031,blue,1.0,1.0,timeout
refine_2200,evader,40000032,blue,1.0,1.0,timeout
refine_2200,evader,40000033,blue,1.0,1.0,timeout
refine_2200,evader,40000034,blue,1.0,1.0,timeout
refine_2200,evader,40000035,blue,1.0,1.0,timeout
refine_2200,evader,40000036,blue,1.0,1.0,timeout
refine_2200,evader,40000037,blue,1.0,1.0,timeout
refine_2200,evader,40000038,blue,1.0,1.0,timeout
refine_2200,evader,40000039,blue,1.0,1.0,timeout
refine_2200,fixed_left,40000000,red,1.0,0.0,kill
refine_2200,fixed_left,40000001,red,1.0,0.0,kill
refine_2200,fixed_left,40000002,red,1.0,0.0,kill
refine_2200,fixed_left,40000003,red,1.0,0.0,kill
refine_2200,fixed_left,40000004,red,1.0,0.0,kill
refine_2200,fixed_left,40000005,red,1.0,0.0,kill
refine_2200,fixed_left,40000006,red,1.0,0.0,kill
refine_2200,fixed_left,40000007,red,1.0,0.0,kill
refine_2200,fixed_left,40000008,red,1.0,0.0,kill
refine_2200,fixed_left,40000009,red,1.0,0.0,kill
refine_2200,fixed_left,40000010,red,1.0,0.0,kill
refine_2200,fixed_left,40000011,red,1.0,0.0,kill
refine_2200,fixed_left,40000012,red,1.0,0.0,kill
refine_2200,fixed_left,40000013,red,1.0,0.0,kill
refine_2200,fixed_left,40000014,red,1.0,0.0,kill
refine_2200,fixed_left,40000015,red,1.0,0.0,kill
refine_2200,fixed_left,40000016,red,1.0,0.0,kill
refine_2200,fixed_left,40000017,red,1.0,0.0,kill
refine_2200,fixed_left,40000018,red,1.0,0.0,kill
refine_2200,fixed_left,40000019,red,1.0,0.0,kill
refine_2200,fixed_left,40000020,red,1.0,0.0,kill
refine_2200,fixed_left,40000021,red,1.0,0.0,kill
refine_2200,fixed_left,40000022,red,1.0,0.0,kill
refine_2200,fixed_left,40000023,red,1.0,0.0,kill
refine_2200,fixed_left,40000024,red,1.0,0.0,kill
refine_2200,fixed_left,40000025,red,1.0,0.0,kill
refine_2200,fixed_left,40000026,red,1.0,0.0,kill
refine_2200,fixed_left,40000027,red,1.0,0.0,kill
refine_2200,fixed_left,40000028,red,1.0,0.0,kill
refine_2200,fixed_left,40000029,red,1.0,0.0,kill
refine_2200,fixed_left,40000030,red,1.0,0.0,kill
refine_2200,fixed_left,40000031,red,1.0,0.0,kill
refine_2200,fixed_left,40000032,red,1.0,0.0,kill
refine_2200,fixed_left,40000033,red,1.0,0.0,kill
refine_2200,fixed_left,40000034,red,1.0,0.0,kill
refine_2200,fixed_left,40000035,red,1.0,0.0,kill
refine_2200,fixed_left,40000036,red,1.0,0.0,kill
refine_2200,fixed_left,40000037,red,1.0,0.0,kill
refine_2200,fixed_left,40000038,red,1.0,0.0,kill
refine_2200,fixed_left,40000039,red,1.0,0.0,kill
refine_2200,fixed_left,40000000,blue,1.0,0.0,kill
refine_2200,fixed_left,40000001,blue,1.0,0.0,kill
refine_2200,fixed_left,40000002,blue,1.0,0.0,kill
refine_2200,fixed_left,40000003,blue,1.0,0.0,kill
refine_2200,fixed_left,40000004,blue,1.0,0.0,kill
refine_2200,fixed_left,40000005,blue,1.0,0.0,kill
refine_2200,fixed_left,40000006,blue,1.0,0.0,kill
refine_2200,fixed_left,40000007,blue,1.0,0.0,kill
refine_2200,fixed_left,40000008,blue,1.0,0.0,kill
refine_2200,fixed_left,40000009,blue,1.0,0.0,kill
refine_2200,fixed_left,40000010,blue,1.0,0.0,kill
refine_2200,fixed_left,40000011,blue,1.0,0.0,kill
refine_2200,fixed_left,40000012,blue,1.0,0.0,kill
refine_2200,fixed_left,40000013,blue,1.0,0.0,kill
refine_2200,fixed_left,40000014,blue,1.0,0.0,kill
refine_2200,fixed_left,40000015,blue,1.0,0.0,kill
refine_2200,fixed_left,40000016,blue,1.0,0.0,kill
refine_2200,fixed_left,40000017,blue,1.0,0.0,kill
refine_2200,fixed_left,40000018,blue,1.0,0.0,kill
refine_2200,fixed_left,40000019,blue,1.0,0.0,kill
refine_2200,fixed_left,40000020,blue,1.0,0.0,kill
refine_2200,fixed_left,40000021,blue,1.0,0.0,kill
refine_2200,fixed_left,40000022,blue,1.0,0.0,kill
refine_2200,fixed_left,40000023,blue,1.0,0.0,kill
refine_2200,fixed_left,40000024,blue,1.0,0.0,kill
refine_2200,fixed_left,40000025,blue,1.0,0.0,kill
refine_2200,fixed_left,40000026,blue,1.0,0.0,kill
refine_2200,fixed_left,40000027,blue,1.0,0.0,kill
refine_2200,fixed_left,40000028,blue,1.0,0.0,kill
refine_2200,fixed_left,40000029,blue,1.0,0.0,kill
refine_2200,fixed_left,40000030,blue,1.0,0.0,kill
refine_2200,fixed_left,40000031,blue,1.0,0.0,kill
refine_2200,fixed_left,40000032,blue,1.0,0.0,kill
refine_2200,fixed_left,40000033,blue,1.0,0.0,kill
refine_2200,fixed_left,40000034,blue,1.0,0.0,kill
refine_2200,fixed_left,40000035,blue,1.0,0.0,kill
refine_2200,fixed_left,40000036,blue,1.0,0.0,kill
refine_2200,fixed_left,40000037,blue,1.0,0.0,kill
refine_2200,fixed_left,40000038,blue,1.0,0.0,kill
refine_2200,fixed_left,40000039,blue,1.0,0.0,kill
refine_2200,fixed_right,40000000,red,1.0,0.0,kill
refine_2200,fixed_right,40000001,red,1.0,0.0,kill
refine_2200,fixed_right,40000002,red,1.0,0.0,kill
refine_2200,fixed_right,40000003,red,1.0,0.0,kill
refine_2200,fixed_right,40000004,red,1.0,0.0,kill
refine_2200,fixed_right,40000005,red,1.0,0.0,kill
refine_2200,fixed_right,40000006,red,1.0,0.0,kill
refine_2200,fixed_right,40000007,red,1.0,0.0,kill
refine_2200,fixed_right,40000008,red,1.0,0.0,kill
refine_2200,fixed_right,40000009,red,1.0,0.0,kill
refine_2200,fixed_right,40000010,red,1.0,0.0,kill
refine_2200,fixed_right,40000011,red,1.0,0.0,kill
refine_2200,fixed_right,40000012,red,1.0,0.0,kill
refine_2200,fixed_right,40000013,red,1.0,0.0,kill
refine_2200,fixed_right,40000014,red,1.0,0.0,kill
refine_2200,fixed_right,40000015,red,1.0,0.0,kill
refine_2200,fixed_right,40000016,red,1.0,0.0,kill
refine_2200,fixed_right,40000017,red,1.0,0.0,kill
refine_2200,fixed_right,40000018,red,1.0,0.0,kill
refine_2200,fixed_right,40000019,red,1.0,0.0,kill
refine_2200,fixed_right,40000020,red,1.0,0.0,kill
refine_2200,fixed_right,40000021,red,1.0,0.0,kill
refine_2200,fixed_right,40000022,red,1.0,0.0,kill
refine_2200,fixed_right,40000023,red,1.0,0.0,kill
refine_2200,fixed_right,40000024,red,1.0,0.0,kill
refine_2200,fixed_right,40000025,red,1.0,0.0,kill
refine_2200,fixed_right,40000026,red,1.0,0.0,kill
refine_2200,fixed_right,40000027,red,1.0,0.0,kill
refine_2200,fixed_right,40000028,red,1.0,0.0,kill
refine_2200,fixed_right,40000029,red,1.0,0.0,kill
refine_2200,fixed_right,40000030,red,1.0,0.0,kill
refine_2200,fixed_right,40000031,red,1.0,0.0,kill
refine_2200,fixed_right,40000032,red,1.0,0.0,kill
refine_2200,fixed_right,40000033,red,1.0,0.0,kill
refine_2200,fixed_right,40000034,red,1.0,0.0,kill
refine_2200,fixed_right,40000035,red,1.0,0.0,kill
refine_2200,fixed_right,40000036,red,1.0,0.0,kill
refine_2200,fixed_right,40000037,red,1.0,0.0,kill
refine_2200,fixed_right,40000038,red,1.0,0.0,kill
refine_2200,fixed_right,40000039,red,1.0,0.0,kill
refine_2200,fixed_right,40000000,blue,1.0,0.0,kill
refine_2200,fixed_right,40000001,blue,1.0,0.0,kill
refine_2200,fixed_right,40000002,blue,1.0,0.0,kill
refine_2200,fixed_right,40000003,blue,1.0,0.0,kill
refine_2200,fixed_right,40000004,blue,1.0,0.0,kill
refine_2200,fixed_right,40000005,blue,1.0,0.0,kill
refine_2200,fixed_right,40000006,blue,1.0,0.0,kill
refine_2200,fixed_right,40000007,blue,1.0,0.0,kill
refine_2200,fixed_right,40000008,blue,1.0,0.0,kill
refine_2200,fixed_right,40000009,blue,1.0,0.0,kill
refine_2200,fixed_right,40000010,blue,1.0,0.0,kill
refine_2200,fixed_right,40000011,blue,1.0,0.0,kill
refine_2200,fixed_right,40000012,blue,1.0,0.0,kill
refine_2200,fixed_right,40000013,blue,1.0,0.0,kill
refine_2200,fixed_right,40000014,blue,1.0,0.0,kill
refine_2200,fixed_right,40000015,blue,1.0,0.0,kill
refine_2200,fixed_right,40000016,blue,1.0,0.0,kill
refine_2200,fixed_right,40000017,blue,1.0,0.0,kill
refine_2200,fixed_right,40000018,blue,1.0,0.0,kill
refine_2200,fixed_right,40000019,blue,1.0,0.0,kill
refine_2200,fixed_right,40000020,blue,1.0,0.0,kill
refine_2200,fixed_right,40000021,blue,1.0,0.0,kill
refine_2200,fixed_right,40000022,blue,1.0,0.0,kill
refine_2200,fixed_right,40000023,blue,1.0,0.0,kill
refine_2200,fixed_right,40000024,blue,1.0,0.0,kill
refine_2200,fixed_right,40000025,blue,1.0,0.0,kill
refine_2200,fixed_right,40000026,blue,1.0,0.0,kill
refine_2200,fixed_right,40000027,blue,1.0,0.0,kill
refine_2200,fixed_right,40000028,blue,1.0,0.0,kill
refine_2200,fixed_right,40000029,blue,1.0,0.0,kill
refine_2200,fixed_right,40000030,blue,1.0,0.0,kill
refine_2200,fixed_right,40000031,blue,1.0,0.0,kill
refine_2200,fixed_right,40000032,blue,1.0,0.0,kill
refine_2200,fixed_right,40000033,blue,1.0,0.0,kill
refine_2200,fixed_right,40000034,blue,1.0,0.0,kill
refine_2200,fixed_right,40000035,blue,1.0,0.0,kill
refine_2200,fixed_right,40000036,blue,1.0,0.0,kill
refine_2200,fixed_right,40000037,blue,1.0,0.0,kill
refine_2200,fixed_right,40000038,blue,1.0,0.0,kill
refine_2200,fixed_right,40000039,blue,1.0,0.0,kill
refine_2200,round_00,40000000,red,1.0,0.0,kill
refine_2200,round_00,40000001,red,1.0,0.0,kill
refine_2200,round_00,40000002,red,1.0,0.0,kill
refine_2200,round_00,40000003,red,1.0,0.0,kill
refine_2200,round_00,40000004,red,1.0,0.0,kill
refine_2200,round_00,40000005,red,1.0,0.0,kill
refine_2200,round_00,40000006,red,1.0,0.0,kill
refine_2200,round_00,40000007,red,1.0,0.0,kill
refine_2200,round_00,40000008,red,1.0,0.0,kill
refine_2200,round_00,40000009,red,1.0,0.0,kill
refine_2200,round_00,40000010,red,1.0,0.0,kill
refine_2200,round_00,40000011,red,1.0,0.0,kill
refine_2200,round_00,40000012,red,1.0,0.0,kill
refine_2200,round_00,40000013,red,1.0,0.0,kill
refine_2200,round_00,40000014,red,1.0,0.0,kill
refine_2200,round_00,40000015,red,1.0,0.0,kill
refine_2200,round_00,40000016,red,1.0,0.0,kill
refine_2200,round_00,40000017,red,1.0,0.0,kill
refine_2200,round_00,40000018,red,1.0,0.0,kill
refine_2200,round_00,40000019,red,1.0,0.0,kill
refine_2200,round_00,40000020,red,1.0,0.0,kill
refine_2200,round_00,40000021,red,1.0,0.0,kill
refine_2200,round_00,40000022,red,1.0,0.0,kill
refine_2200,round_00,40000023,red,1.0,0.0,kill
refine_2200,round_00,40000024,red,1.0,0.0,kill
refine_2200,round_00,40000025,red,1.0,0.0,kill
refine_2200,round_00,40000026,red,1.0,0.0,kill
refine_2200,round_00,40000027,red,1.0,0.0,kill
refine_2200,round_00,40000028,red,1.0,0.0,kill
refine_2200,round_00,40000029,red,1.0,0.0,kill
refine_2200,round_00,40000030,red,1.0,0.0,kill
refine_2200,round_00,40000031,red,1.0,0.0,kill
refine_2200,round_00,40000032,red,1.0,0.0,kill
refine_2200,round_00,40000033,red,1.0,0.0,kill
refine_2200,round_00,40000034,red,1.0,0.0,kill
refine_2200,round_00,40000035,red,1.0,0.0,kill
refine_2200,round_00,40000036,red,1.0,0.0,kill
refine_2200,round_00,40000037,red,1.0,0.0,kill
refine_2200,round_00,40000038,red,1.0,0.0,kill
refine_2200,round_00,40000039,red,1.0,0.0,kill
refine_2200,round_00,40000000,blue,1.0,0.0,kill
refine_2200,round_00,40000001,blue,1.0,0.0,kill
refine_2200,round_00,40000002,blue,1.0,0.0,kill
refine_2200,round_00,40000003,blue,1.0,0.0,kill
refine_2200,round_00,40000004,blue,1.0,0.0,kill
refine_2200,round_00,40000005,blue,1.0,0.0,kill
refine_2200,round_00,40000006,blue,1.0,0.0,kill
refine_2200,round_00,40000007,blue,1.0,0.0,kill
refine_2200,round_00,40000008,blue,1.0,0.0,kill
refine_2200,round_00,40000009,blue,1.0,0.0,kill
refine_2200,round_00,40000010,blue,1.0,0.0,kill
refine_2200,round_00,40000011,blue,1.0,0.0,kill
refine_2200,round_00,40000012,blue,1.0,0.0,kill
refine_2200,round_00,40000013,blue,1.0,0.0,kill
refine_2200,round_00,40000014,blue,1.0,0.0,kill
refine_2200,round_00,40000015,blue,1.0,0.0,kill
refine_2200,round_00,40000016,blue,1.0,0.0,kill
refine_2200,round_00,40000017,blue,1.0,0.0,kill
refine_2200,round_00,40000018,blue,1.0,0.0,kill
refine_2200,round_00,40000019,blue,1.0,0.0,kill
refine_2200,round_00,40000020,blue,1.0,0.0,kill
refine_2200,round_00,40000021,blue,1.0,0.0,kill
refine_2200,round_00,40000022,blue,1.0,0.0,kill
refine_2200,round_00,40000023,blue,1.0,0.0,kill
refine_2200,round_00,40000024,blue,1.0,0.0,kill
refine_2200,round_00,40000025,blue,1.0,0.0,kill
refine_2200,round_00,40000026,blue,1.0,0.0,kill
refine_2200,round_00,40000027,blue,1.0,0.0,kill
refine_2200,round_00,40000028,blue,1.0,0.0,kill
refine_2200,round_00,40000029,blue,1.0,0.0,kill
refine_2200,round_00,40000030,blue,1.0,0.0,kill
refine_2200,round_00,40000031,blue,1.0,0.0,kill
refine_2200,round_00,40000032,blue,1.0,0.0,kill
refine_2200,round_00,40000033,blue,1.0,0.0,kill
refine_2200,round_00,40000034,blue,1.0,0.0,kill
refine_2200,round_00,40000035,blue,1.0,0.0,kill
refine_2200,round_00,40000036,blue,1.0,0.0,kill
refine_2200,round_00,40000037,blue,1.0,0.0,kill
refine_2200,round_00,40000038,blue,1.0,0.0,kill
refine_2200,round_00,40000039,blue,1.0,0.0,kill
refine_2200,round_01,40000000,red,1.0,0.0,kill
refine_2200,round_01,40000001,red,1.0,0.0,kill
refine_2200,round_01,40000002,red,1.0,0.0,kill
refine_2200,round_01,40000003,red,1.0,0.0,kill
refine_2200,round_01,40000004,red,1.0,0.0,kill
refine_2200,round_01,40000005,red,1.0,0.0,kill
refine_2200,round_01,40000006,red,1.0,0.0,kill
refine_2200,round_01,40000007,red,1.0,0.0,kill
refine_2200,round_01,40000008,red,1.0,0.0,kill
refine_2200,round_01,40000009,red,1.0,0.0,kill
refine_2200,round_01,40000010,red,1.0,0.0,kill
refine_2200,round_01,40000011,red,1.0,0.0,kill
refine_2200,round_01,40000012,red,1.0,0.0,kill
refine_2200,round_01,40000013,red,1.0,0.0,kill
refine_2200,round_01,40000014,red,1.0,0.0,kill
refine_2200,round_01,40000015,red,1.0,0.0,kill
refine_2200,round_01,40000016,red,1.0,0.0,kill
refine_2200,round_01,40000017,red,1.0,0.0,kill
refine_2200,round_01,40000018,red,1.0,0.0,kill
refine_2200,round_01,40000019,red,1.0,0.0,kill
refine_2200,round_01,40000020,red,1.0,0.0,kill
refine_2200,round_01,40000021,red,1.0,0.0,kill
refine_2200,round_01,40000022,red,1.0,0.0,kill
refine_2200,round_01,40000023,red,1.0,0.0,kill
refine_2200,round_01,40000024,red,1.0,0.0,kill
refine_2200,round_01,40000025,red,1.0,0.0,kill
refine_2200,round_01,40000026,red,1.0,0.0,kill
refine_2200,round_01,40000027,red,1.0,0.0,kill
refine_2200,round_01,40000028,red,1.0,0.0,kill
refine_2200,round_01,40000029,red,1.0,0.0,kill
refine_2200,round_01,40000030,red,1.0,0.0,kill
refine_2200,round_01,40000031,red,1.0,0.0,kill
refine_2200,round_01,40000032,red,1.0,0.0,kill
refine_2200,round_01,40000033,red,1.0,0.0,kill
refine_2200,round_01,40000034,red,1.0,0.0,kill
refine_2200,round_01,40000035,red,1.0,0.0,kill
refine_2200,round_01,40000036,red,1.0,0.0,kill
refine_2200,round_01,40000037,red,1.0,0.0,kill
refine_2200,round_01,40000038,red,1.0,0.0,kill
refine_2200,round_01,40000039,red,1.0,0.0,kill
refine_2200,round_01,40000000,blue,1.0,0.0,kill
refine_2200,round_01,40000001,blue,1.0,0.0,kill
refine_2200,round_01,40000002,blue,1.0,0.0,kill
refine_2200,round_01,40000003,blue,1.0,0.0,kill
refine_2200,round_01,40000004,blue,1.0,0.0,kill
refine_2200,round_01,40000005,blue,1.0,0.0,kill
refine_2200,round_01,40000006,blue,1.0,0.0,kill
refine_2200,round_01,40000007,blue,1.0,0.0,kill
refine_2200,round_01,40000008,blue,1.0,0.0,kill
refine_2200,round_01,40000009,blue,1.0,0.0,kill
refine_2200,round_01,40000010,blue,1.0,0.0,kill
refine_2200,round_01,40000011,blue,1.0,0.0,kill
refine_2200,round_01,40000012,blue,1.0,0.0,kill
refine_2200,round_01,40000013,blue,1.0,0.0,kill
refine_2200,round_01,40000014,blue,1.0,0.0,kill
refine_2200,round_01,40000015,blue,1.0,0.0,kill
refine_2200,round_01,40000016,blue,1.0,0.0,kill
refine_2200,round_01,40000017,blue,1.0,0.0,kill
refine_2200,round_01,40000018,blue,1.0,0.0,kill
refine_2200,round_01,40000019,blue,1.0,0.0,kill
refine_2200,round_01,40000020,blue,1.0,0.0,kill
refine_2200,round_01,40000021,blue,1.0,0.0,kill
refine_2200,round_01,40000022,blue,1.0,0.0,kill
refine_2200,round_01,40000023,blue,1.0,0.0,kill
refine_2200,round_01,40000024,blue,1.0,0.0,kill
refine_2200,round_01,40000025,blue,1.0,0.0,kill
refine_2200,round_01,40000026,blue,1.0,0.0,kill
refine_2200,round_01,40000027,blue,1.0,0.0,kill
refine_2200,round_01,40000028,blue,1.0,0.0,kill
refine_2200,round_01,40000029,blue,1.0,0.0,kill
refine_2200,round_01,40000030,blue,1.0,0.0,kill
refine_2200,round_01,40000031,blue,1.0,0.0,kill
refine_2200,round_01,40000032,blue,1.0,0.0,kill
refine_2200,round_01,40000033,blue,1.0,0.0,kill
refine_2200,round_01,40000034,blue,1.0,0.0,kill
refine_2200,round_01,40000035,blue,1.0,0.0,kill
refine_2200,round_01,40000036,blue,1.0,0.0,kill
refine_2200,round_01,40000037,blue,1.0,0.0,kill
refine_2200,round_01,40000038,blue,1.0,0.0,kill
refine_2200,round_01,40000039,blue,1.0,0.0,kill
refine_2200,round_02,40000000,red,0.571,0.0,kill
refine_2200,round_02,40000001,red,0.637,0.0,kill
refine_2200,round_02,40000002,red,0.175,0.0,kill
refine_2200,round_02,40000003,red,0.142,0.0,kill
refine_2200,round_02,40000004,red,0.142,0.0,kill
refine_2200,round_02,40000005,red,0.3565,0.0,kill
refine_2200,round_02,40000006,red,0.2575,0.0,kill
refine_2200,round_02,40000007,red,0.0925,0.0,kill
refine_2200,round_02,40000008,red,0.2575,0.0,kill
refine_2200,round_02,40000009,red,0.1915,0.0,kill
refine_2200,round_02,40000010,red,0.2575,0.0,kill
refine_2200,round_02,40000011,red,0.2905,0.0,kill
refine_2200,round_02,40000012,red,0.571,0.0,kill
refine_2200,round_02,40000013,red,0.109,0.0,kill
refine_2200,round_02,40000014,red,0.076,0.0,kill
refine_2200,round_02,40000015,red,0.076,0.0,kill
refine_2200,round_02,40000016,red,0.4555,0.3565,timeout
refine_2200,round_02,40000017,red,0.1255,0.0,kill
refine_2200,round_02,40000018,red,0.373,0.0,kill
refine_2200,round_02,40000019,red,0.109,0.0,kill
refine_2200,round_02,40000020,red,0.1255,0.0,kill
refine_2200,round_02,40000021,red,0.0925,0.0,kill
refine_2200,round_02,40000022,red,0.0925,0.0,kill
refine_2200,round_02,40000023,red,0.0,0.0925,died
refine_2200,round_02,40000024,red,0.439,0.241,timeout
refine_2200,round_02,40000025,red,0.5215,0.0,kill
refine_2200,round_02,40000026,red,0.0925,0.0,kill
refine_2200,round_02,40000027,red,0.34,0.0,kill
refine_2200,round_02,40000028,red,0.142,0.472,timeout
refine_2200,round_02,40000029,red,0.1255,0.0,kill
refine_2200,round_02,40000030,red,0.2575,0.0,kill
refine_2200,round_02,40000031,red,0.109,0.0,kill
refine_2200,round_02,40000032,red,0.208,0.0,kill
refine_2200,round_02,40000033,red,0.109,0.0,kill
refine_2200,round_02,40000034,red,0.1255,0.0,kill
refine_2200,round_02,40000035,red,0.1255,0.0,kill
refine_2200,round_02,40000036,red,0.0,0.0,mutual
refine_2200,round_02,40000037,red,0.7195,0.0925,timeout
refine_2200,round_02,40000038,red,0.241,0.0,kill
refine_2200,round_02,40000039,red,0.34,0.0925,timeout
refine_2200,round_02,40000000,blue,0.571,0.0,kill
refine_2200,round_02,40000001,blue,0.5545,0.0,kill
refine_2200,round_02,40000002,blue,0.3565,0.0,kill
refine_2200,round_02,40000003,blue,0.109,0.0,kill
refine_2200,round_02,40000004,blue,0.1255,0.0,kill
refine_2200,round_02,40000005,blue,0.3895,0.0,kill
refine_2200,round_02,40000006,blue,0.208,0.0,kill
refine_2200,round_02,40000007,blue,0.076,0.0,kill
refine_2200,round_02,40000008,blue,0.109,0.0,kill
refine_2200,round_02,40000009,blue,0.1255,0.0,kill
refine_2200,round_02,40000010,blue,0.142,0.0,kill
refine_2200,round_02,40000011,blue,0.274,0.0,kill
refine_2200,round_02,40000012,blue,0.6205,0.0,kill
refine_2200,round_02,40000013,blue,0.142,0.0,kill
refine_2200,round_02,40000014,blue,0.0925,0.0,kill
refine_2200,round_02,40000015,blue,0.076,0.0,kill
refine_2200,round_02,40000016,blue,0.1255,0.7525,timeout
refine_2200,round_02,40000017,blue,0.0,0.0,mutual
refine_2200,round_02,40000018,blue,0.4555,0.0,kill
refine_2200,round_02,40000019,blue,0.2575,0.0,kill
refine_2200,round_02,40000020,blue,0.142,0.0,kill
refine_2200,round_02,40000021,blue,0.2905,0.043,timeout
refine_2200,round_02,40000022,blue,0.0925,0.0,kill
refine_2200,round_02,40000023,blue,0.4885,0.0,kill
refine_2200,round_02,40000024,blue,0.241,0.0,kill
refine_2200,round_02,40000025,blue,0.538,0.076,timeout
refine_2200,round_02,40000026,blue,0.0925,0.0,kill
refine_2200,round_02,40000027,blue,0.406,0.0,kill
refine_2200,round_02,40000028,blue,0.1255,0.0,kill
refine_2200,round_02,40000029,blue,0.3565,0.3235,timeout
refine_2200,round_02,40000030,blue,0.3235,0.0265,timeout
refine_2200,round_02,40000031,blue,0.0925,0.0,kill
refine_2200,round_02,40000032,blue,0.4225,0.241,timeout
refine_2200,round_02,40000033,blue,0.076,0.0,kill
refine_2200,round_02,40000034,blue,0.142,0.0,kill
refine_2200,round_02,40000035,blue,0.1255,0.0,kill
refine_2200,round_02,40000036,blue,0.1255,0.0,kill
refine_2200,round_02,40000037,blue,0.736,0.0,kill
refine_2200,round_02,40000038,blue,0.472,0.0,kill
refine_2200,round_02,40000039,blue,0.3235,0.0,kill
refine_2200,round_03,40000000,red,0.175,0.0,kill
refine_2200,round_03,40000001,red,0.0925,0.0,kill
refine_2200,round_03,40000002,red,0.043,0.0,kill
refine_2200,round_03,40000003,red,0.5215,0.0,kill
refine_2200,round_03,40000004,red,0.2905,0.0,kill
refine_2200,round_03,40000005,red,0.241,0.0,kill
refine_2200,round_03,40000006,red,0.2245,0.0,kill
refine_2200,round_03,40000007,red,0.0,0.0,mutual
refine_2200,round_03,40000008,red,0.076,0.0,kill
refine_2200,round_03,40000009,red,0.274,0.0,kill
refine_2200,round_03,40000010,red,0.241,0.0,kill
refine_2200,round_03,40000011,red,0.208,0.0,kill
refine_2200,round_03,40000012,red,0.076,0.0,kill
refine_2200,round_03,40000013,red,0.274,0.0,kill
refine_2200,round_03,40000014,red,0.1915,0.0,kill
refine_2200,round_03,40000015,red,0.076,0.0,kill
refine_2200,round_03,40000016,red,0.109,0.0,kill
refine_2200,round_03,40000017,red,0.076,0.0,kill
refine_2200,round_03,40000018,red,0.0925,0.0,kill
refine_2200,round_03,40000019,red,0.0595,0.0,kill
refine_2200,round_03,40000020,red,0.241,0.0,kill
refine_2200,round_03,40000021,red,0.0265,0.0,kill
refine_2200,round_03,40000022,red,0.0925,0.0,kill
refine_2200,round_03,40000023,red,0.0595,0.0,kill
refine_2200,round_03,40000024,red,0.109,0.0,kill
refine_2200,round_03,40000025,red,0.2905,0.0,kill
refine_2200,round_03,40000026,red,0.373,0.0,kill
refine_2200,round_03,40000027,red,0.0925,0.0,kill
refine_2200,round_03,40000028,red,0.0,0.241,died
refine_2200,round_03,40000029,red,0.0,0.2245,died
refine_2200,round_03,40000030,red,0.274,0.0,kill
refine_2200,round_03,40000031,red,0.0,0.0595,died
refine_2200,round_03,40000032,red,0.076,0.0,kill
refine_2200,round_03,40000033,red,0.0,0.076,died
refine_2200,round_03,40000034,red,0.2905,0.0,kill
refine_2200,round_03,40000035,red,0.0,0.076,died
refine_2200,round_03,40000036,red,0.0,0.076,died
refine_2200,round_03,40000037,red,0.043,0.0,kill
refine_2200,round_03,40000038,red,0.0595,0.0,kill
refine_2200,round_03,40000039,red,0.538,0.0,kill
refine_2200,round_03,40000000,blue,0.0265,0.0,kill
refine_2200,round_03,40000001,blue,0.0595,0.0,kill
refine_2200,round_03,40000002,blue,0.373,0.0,kill
refine_2200,round_03,40000003,blue,0.0595,0.0,kill
refine_2200,round_03,40000004,blue,0.3895,0.0,kill
refine_2200,round_03,40000005,blue,0.2575,0.0,kill
refine_2200,round_03,40000006,blue,0.0265,0.0,kill
refine_2200,round_03,40000007,blue,0.109,0.0,kill
refine_2200,round_03,40000008,blue,0.0595,0.0,kill
refine_2200,round_03,40000009,blue,0.208,0.0,kill
refine_2200,round_03,40000010,blue,0.0925,0.0,kill
refine_2200,round_03,40000011,blue,0.109,0.0,kill
refine_2200,round_03,40000012,blue,0.0595,0.0,kill
refine_2200,round_03,40000013,blue,0.0,0.076,died
refine_2200,round_03,40000014,blue,0.076,0.0,kill
refine_2200,round_03,40000015,blue,0.1915,0.0,kill
refine_2200,round_03,40000016,blue,0.0,0.0265,died
refine_2200,round_03,40000017,blue,0.0,0.274,died
refine_2200,round_03,40000018,blue,0.142,0.0,kill
refine_2200,round_03,40000019,blue,0.3895,0.0,kill
refine_2200,round_03,40000020,blue,0.406,0.0,kill
refine_2200,round_03,40000021,blue,0.406,0.0,kill
refine_2200,round_03,40000022,blue,0.0,0.109,died
refine_2200,round_03,40000023,blue,0.4555,0.0,kill
refine_2200,round_03,40000024,blue,0.0595,0.0,kill
refine_2200,round_03,40000025,blue,0.076,0.0,kill
refine_2200,round_03,40000026,blue,0.307,0.0,kill
refine_2200,round_03,40000027,blue,0.0,0.01,mutual
refine_2200,round_03,40000028,blue,0.0925,0.0,kill
refine_2200,round_03,40000029,blue,0.109,0.0,kill
refine_2200,round_03,40000030,blue,0.0,0.0595,died
refine_2200,round_03,40000031,blue,0.2905,0.0,kill
refine_2200,round_03,40000032,blue,0.076,0.0,kill
refine_2200,round_03,40000033,blue,0.0595,0.0,kill
refine_2200,round_03,40000034,blue,0.109,0.0,kill
refine_2200,round_03,40000035,blue,0.1915,0.0,kill
refine_2200,round_03,40000036,blue,0.2575,0.0,kill
refine_2200,round_03,40000037,blue,0.043,0.0,kill
refine_2200,round_03,40000038,blue,0.076,0.0,kill
refine_2200,round_03,40000039,blue,0.505,0.0,kill
refine_2200,round_04,40000000,red,0.241,0.0,kill
refine_2200,round_04,40000001,red,0.043,0.0,kill
refine_2200,round_04,40000002,red,0.0925,0.0,kill
refine_2200,round_04,40000003,red,0.868,0.0,kill
refine_2200,round_04,40000004,red,0.1255,0.0,kill
refine_2200,round_04,40000005,red,0.0,0.0,mutual
refine_2200,round_04,40000006,red,0.175,0.0,kill
refine_2200,round_04,40000007,red,0.076,0.0,kill
refine_2200,round_04,40000008,red,0.109,0.0,kill
refine_2200,round_04,40000009,red,0.3235,0.0,kill
refine_2200,round_04,40000010,red,0.142,0.0,kill
refine_2200,round_04,40000011,red,0.109,0.0,kill
refine_2200,round_04,40000012,red,0.0,0.0,mutual
refine_2200,round_04,40000013,red,0.01,0.0,mutual
refine_2200,round_04,40000014,red,0.0925,0.0,kill
refine_2200,round_04,40000015,red,0.076,0.0,kill
refine_2200,round_04,40000016,red,0.0,0.0,mutual
refine_2200,round_04,40000017,red,0.0,0.0265,died
refine_2200,round_04,40000018,red,0.1585,0.0,kill
refine_2200,round_04,40000019,red,0.0,0.0,mutual
refine_2200,round_04,40000020,red,0.2905,0.0,kill
refine_2200,round_04,40000021,red,0.0,0.0265,died
refine_2200,round_04,40000022,red,0.0,0.0,mutual
refine_2200,round_04,40000023,red,0.109,0.0,kill
refine_2200,round_04,40000024,red,0.0,0.1255,died
refine_2200,round_04,40000025,red,0.0,0.0,mutual
refine_2200,round_04,40000026,red,0.0925,0.0,kill
refine_2200,round_04,40000027,red,0.274,0.0,kill
refine_2200,round_04,40000028,red,0.0925,0.0,kill
refine_2200,round_04,40000029,red,0.0925,0.0,kill
refine_2200,round_04,40000030,red,0.274,0.0,kill
refine_2200,round_04,40000031,red,0.637,0.0,kill
refine_2200,round_04,40000032,red,0.0925,0.0,kill
refine_2200,round_04,40000033,red,0.0595,0.0,kill
refine_2200,round_04,40000034,red,0.0,0.0,mutual
refine_2200,round_04,40000035,red,0.1255,0.0,kill
refine_2200,round_04,40000036,red,0.703,0.0,kill
refine_2200,round_04,40000037,red,0.0,0.0925,died
refine_2200,round_04,40000038,red,0.1915,0.0,kill
refine_2200,round_04,40000039,red,0.0925,0.0,kill
refine_2200,round_04,40000000,blue,0.0595,0.0,kill
refine_2200,round_04,40000001,blue,0.01,0.0,mutual
refine_2200,round_04,40000002,blue,0.34,0.0,kill
refine_2200,round_04,40000003,blue,0.0,0.0,mutual
refine_2200,round_04,40000004,blue,0.0925,0.0,kill
refine_2200,round_04,40000005,blue,0.1255,0.0,kill
refine_2200,round_04,40000006,blue,0.2575,0.0,kill
refine_2200,round_04,40000007,blue,0.109,0.0,kill
refine_2200,round_04,40000008,blue,0.0,0.0,mutual
refine_2200,round_04,40000009,blue,0.0,0.0,mutual
refine_2200,round_04,40000010,blue,0.505,0.0,kill
refine_2200,round_04,40000011,blue,0.1255,0.0,kill
refine_2200,round_04,40000012,blue,0.0,0.0,mutual
refine_2200,round_04,40000013,blue,0.241,0.0,kill
refine_2200,round_04,40000014,blue,0.0925,0.0,kill
refine_2200,round_04,40000015,blue,0.0925,0.0,kill
refine_2200,round_04,40000016,blue,0.3565,0.0,kill
refine_2200,round_04,40000017,blue,0.0595,0.0,kill
refine_2200,round_04,40000018,blue,0.0,0.0,mutual
refine_2200,round_04,40000019,blue,0.3235,0.0,kill
refine_2200,round_04,40000020,blue,0.142,0.0,kill
refine_2200,round_04,40000021,blue,0.8515,0.0,kill
refine_2200,round_04,40000022,blue,0.109,0.0,kill
refine_2200,round_04,40000023,blue,0.3565,0.0,kill
refine_2200,round_04,40000024,blue,0.274,0.0,kill
refine_2200,round_04,40000025,blue,0.0,0.2245,died
refine_2200,round_04,40000026,blue,0.0,0.0,mutual
refine_2200,round_04,40000027,blue,0.043,0.0,kill
refine_2200,round_04,40000028,blue,0.109,0.0,kill
refine_2200,round_04,40000029,blue,0.0,0.0,mutual
refine_2200,round_04,40000030,blue,0.0,0.373,died
refine_2200,round_04,40000031,blue,0.0,0.0,mutual
refine_2200,round_04,40000032,blue,0.0,0.0,mutual
refine_2200,round_04,40000033,blue,0.0595,0.0,kill
refine_2200,round_04,40000034,blue,0.1255,0.0,kill
refine_2200,round_04,40000035,blue,0.109,0.0,kill
refine_2200,round_04,40000036,blue,0.0,0.0,mutual
refine_2200,round_04,40000037,blue,0.043,0.0,kill
refine_2200,round_04,40000038,blue,0.0,0.0,mutual
refine_2200,round_04,40000039,blue,0.0,0.0,mutual
refine_2200,round_05,40000000,red,0.0925,0.0,kill
refine_2200,round_05,40000001,red,0.109,0.0,kill
refine_2200,round_05,40000002,red,0.0,0.175,died
refine_2200,round_05,40000003,red,0.043,0.0,kill
refine_2200,round_05,40000004,red,0.274,0.5215,timeout
refine_2200,round_05,40000005,red,0.0,0.2575,died
refine_2200,round_05,40000006,red,0.0,0.0,mutual
refine_2200,round_05,40000007,red,0.0,0.01,mutual
refine_2200,round_05,40000008,red,0.373,0.3235,timeout
refine_2200,round_05,40000009,red,0.109,0.0,kill
refine_2200,round_05,40000010,red,0.0,0.01,mutual
refine_2200,round_05,40000011,red,0.2245,0.0,kill
refine_2200,round_05,40000012,red,0.01,0.0,mutual
refine_2200,round_05,40000013,red,0.0,0.0,mutual
refine_2200,round_05,40000014,red,0.0,0.274,died
refine_2200,round_05,40000015,red,0.0265,0.0,kill
refine_2200,round_05,40000016,red,0.109,0.0,kill
refine_2200,round_05,40000017,red,0.0,0.0,mutual
refine_2200,round_05,40000018,red,0.0265,0.0,kill
refine_2200,round_05,40000019,red,0.274,0.0,kill
refine_2200,round_05,40000020,red,0.142,0.0,kill
refine_2200,round_05,40000021,red,0.0,0.0,mutual
refine_2200,round_05,40000022,red,0.109,0.0,kill
refine_2200,round_05,40000023,red,0.0,0.0,mutual
refine_2200,round_05,40000024,red,0.0,0.109,died
refine_2200,round_05,40000025,red,0.0,0.0925,died
refine_2200,round_05,40000026,red,0.043,0.0,kill
refine_2200,round_05,40000027,red,0.3235,0.0,kill
refine_2200,round_05,40000028,red,0.043,0.0,kill
refine_2200,round_05,40000029,red,0.1255,0.0,kill
refine_2200,round_05,40000030,red,0.1255,0.0,kill
refine_2200,round_05,40000031,red,0.0,0.1585,died
refine_2200,round_05,40000032,red,0.0,0.1255,died
refine_2200,round_05,40000033,red,0.0,0.1255,died
refine_2200,round_05,40000034,red,0.0,0.043,died
refine_2200,round_05,40000035,red,0.0,0.3565,died
refine_2200,round_05,40000036,red,0.0,0.3565,died
refine_2200,round_05,40000037,red,0.1585,0.0,kill
refine_2200,round_05,40000038,red,0.241,0.0,kill
refine_2200,round_05,40000039,red,0.0,0.043,died
refine_2200,round_05,40000000,blue,0.109,0.0,kill
refine_2200,round_05,40000001,blue,0.043,0.0,kill
refine_2200,round_05,40000002,blue,0.0,0.109,died
refine_2200,round_05,40000003,blue,0.0,0.043,died
refine_2200,round_05,40000004,blue,0.274,0.0,kill
refine_2200,round_05,40000005,blue,0.0,0.1585,died
refine_2200,round_05,40000006,blue,0.307,0.0,kill
refine_2200,round_05,40000007,blue,0.0,0.0,mutual
refine_2200,round_05,40000008,blue,0.0,0.0,mutual
refine_2200,round_05,40000009,blue,0.4885,0.0,kill
refine_2200,round_05,40000010,blue,0.0,0.208,died
refine_2200,round_05,40000011,blue,0.1255,0.0,kill
refine_2200,round_05,40000012,blue,0.0,0.0,mutual
refine_2200,round_05,40000013,blue,0.0,0.0265,died
refine_2200,round_05,40000014,blue,0.142,0.0,kill
refine_2200,round_05,40000015,blue,0.0,0.0265,died
refine_2200,round_05,40000016,blue,0.0,0.2245,died
refine_2200,round_05,40000017,blue,0.0,0.1255,died
refine_2200,round_05,40000018,blue,0.0,0.0,mutual
refine_2200,round_05,40000019,blue,0.0925,0.0,kill
refine_2200,round_05,40000020,blue,0.0,0.142,died
refine_2200,round_05,40000021,blue,0.0,0.01,mutual
refine_2200,round_05,40000022,blue,0.0,0.3235,died
refine_2200,round_05,40000023,blue,0.109,0.0,kill
refine_2200,round_05,40000024,blue,0.0,0.0,mutual
refine_2200,round_05,40000025,blue,0.076,0.0,kill
refine_2200,round_05,40000026,blue,0.0925,0.0,kill
refine_2200,round_05,40000027,blue,0.5545,0.0,kill
refine_2200,round_05,40000028,blue,0.0,0.109,died
refine_2200,round_05,40000029,blue,0.0,0.0,mutual
refine_2200,round_05,40000030,blue,0.0,0.2245,died
refine_2200,round_05,40000031,blue,0.0,0.01,mutual
refine_2200,round_05,40000032,blue,0.1255,0.0,kill
refine_2200,round_05,40000033,blue,0.0595,0.0,kill
refine_2200,round_05,40000034,blue,0.2245,0.0,kill
refine_2200,round_05,40000035,blue,0.34,0.2575,timeout
refine_2200,round_05,40000036,blue,0.0,0.0265,died
refine_2200,round_05,40000037,blue,0.0925,0.0,kill
refine_2200,round_05,40000038,blue,0.0925,0.0,kill
refine_2200,round_05,40000039,blue,0.406,0.4225,timeout
refine_2200,lead,40000000,red,0.3565,0.0,kill
refine_2200,lead,40000001,red,0.3235,0.0,kill
refine_2200,lead,40000002,red,0.307,0.0,kill
refine_2200,lead,40000003,red,0.307,0.0,kill
refine_2200,lead,40000004,red,0.34,0.0,kill
refine_2200,lead,40000005,red,0.373,0.0,kill
refine_2200,lead,40000006,red,0.3235,0.0,kill
refine_2200,lead,40000007,red,0.2905,0.0,kill
refine_2200,lead,40000008,red,0.34,0.0,kill
refine_2200,lead,40000009,red,0.34,0.0,kill
refine_2200,lead,40000010,red,0.3895,0.0,kill
refine_2200,lead,40000011,red,0.3565,0.0,kill
refine_2200,lead,40000012,red,0.34,0.0,kill
refine_2200,lead,40000013,red,0.307,0.0,kill
refine_2200,lead,40000014,red,0.34,0.0,kill
refine_2200,lead,40000015,red,0.34,0.0,kill
refine_2200,lead,40000016,red,0.274,0.0,kill
refine_2200,lead,40000017,red,0.0,0.307,died
refine_2200,lead,40000018,red,0.3235,0.0,kill
refine_2200,lead,40000019,red,0.307,0.0,kill
refine_2200,lead,40000020,red,0.307,0.0,kill
refine_2200,lead,40000021,red,0.2905,0.0,kill
refine_2200,lead,40000022,red,0.307,0.0,kill
refine_2200,lead,40000023,red,0.3235,0.0,kill
refine_2200,lead,40000024,red,0.2905,0.0,kill
refine_2200,lead,40000025,red,0.307,0.0,kill
refine_2200,lead,40000026,red,0.34,0.0,kill
refine_2200,lead,40000027,red,0.3235,0.0,kill
refine_2200,lead,40000028,red,0.2905,0.0,kill
refine_2200,lead,40000029,red,0.274,0.0,kill
refine_2200,lead,40000030,red,0.307,0.0,kill
refine_2200,lead,40000031,red,0.2905,0.0,kill
refine_2200,lead,40000032,red,0.2905,0.0,kill
refine_2200,lead,40000033,red,0.307,0.0,kill
refine_2200,lead,40000034,red,0.4225,0.0,kill
refine_2200,lead,40000035,red,0.3565,0.0,kill
refine_2200,lead,40000036,red,0.2905,0.0,kill
refine_2200,lead,40000037,red,0.3235,0.0,kill
refine_2200,lead,40000038,red,0.3235,0.0,kill
refine_2200,lead,40000039,red,0.406,0.0,kill
refine_2200,lead,40000000,blue,0.34,0.0,kill
refine_2200,lead,40000001,blue,0.3235,0.0,kill
refine_2200,lead,40000002,blue,0.3235,0.0,kill
refine_2200,lead,40000003,blue,0.274,0.0,kill
refine_2200,lead,40000004,blue,0.307,0.0,kill
refine_2200,lead,40000005,blue,0.34,0.0,kill
refine_2200,lead,40000006,blue,0.3235,0.0,kill
refine_2200,lead,40000007,blue,0.2905,0.0,kill
refine_2200,lead,40000008,blue,0.307,0.0,kill
refine_2200,lead,40000009,blue,0.3235,0.0,kill
refine_2200,lead,40000010,blue,0.3235,0.0,kill
refine_2200,lead,40000011,blue,0.3565,0.0,kill
refine_2200,lead,40000012,blue,0.34,0.0,kill
refine_2200,lead,40000013,blue,0.2905,0.0,kill
refine_2200,lead,40000014,blue,0.34,0.0,kill
refine_2200,lead,40000015,blue,0.3235,0.0,kill
refine_2200,lead,40000016,blue,0.274,0.0,kill
refine_2200,lead,40000017,blue,0.2905,0.0,kill
refine_2200,lead,40000018,blue,0.3235,0.0,kill
refine_2200,lead,40000019,blue,0.34,0.0,kill
refine_2200,lead,40000020,blue,0.2905,0.0,kill
refine_2200,lead,40000021,blue,0.274,0.0,kill
refine_2200,lead,40000022,blue,0.34,0.0,kill
refine_2200,lead,40000023,blue,0.34,0.0,kill
refine_2200,lead,40000024,blue,0.2905,0.0,kill
refine_2200,lead,40000025,blue,0.274,0.0,kill
refine_2200,lead,40000026,blue,0.373,0.0,kill
refine_2200,lead,40000027,blue,0.3235,0.0,kill
refine_2200,lead,40000028,blue,0.2905,0.0,kill
refine_2200,lead,40000029,blue,0.0,0.307,died
refine_2200,lead,40000030,blue,0.3565,0.0,kill
refine_2200,lead,40000031,blue,0.34,0.0,kill
refine_2200,lead,40000032,blue,0.274,0.0,kill
refine_2200,lead,40000033,blue,0.307,0.0,kill
refine_2200,lead,40000034,blue,0.307,0.0,kill
refine_2200,lead,40000035,blue,0.307,0.0,kill
refine_2200,lead,40000036,blue,0.3235,0.0,kill
refine_2200,lead,40000037,blue,0.307,0.0,kill
refine_2200,lead,40000038,blue,0.0,0.307,died
refine_2200,lead,40000039,blue,0.3565,0.0,kill
refine_2200,circler,40000000,red,1.0,0.142,timeout
refine_2200,circler,40000001,red,1.0,0.1585,timeout
refine_2200,circler,40000002,red,1.0,0.2245,timeout
refine_2200,circler,40000003,red,1.0,0.3565,timeout
refine_2200,circler,40000004,red,1.0,0.241,timeout
refine_2200,circler,40000005,red,1.0,1.0,timeout
refine_2200,circler,40000006,red,1.0,0.2575,timeout
refine_2200,circler,40000007,red,1.0,0.2575,timeout
refine_2200,circler,40000008,red,1.0,0.241,timeout
refine_2200,circler,40000009,red,1.0,0.175,timeout
refine_2200,circler,40000010,red,1.0,0.274,timeout
refine_2200,circler,40000011,red,1.0,0.2245,timeout
refine_2200,circler,40000012,red,1.0,0.208,timeout
refine_2200,circler,40000013,red,1.0,0.3895,timeout
refine_2200,circler,40000014,red,1.0,0.0925,timeout
refine_2200,circler,40000015,red,1.0,0.175,timeout
refine_2200,circler,40000016,red,1.0,0.175,timeout
refine_2200,circler,40000017,red,1.0,0.241,timeout
refine_2200,circler,40000018,red,1.0,0.2245,timeout
refine_2200,circler,40000019,red,1.0,0.241,timeout
refine_2200,circler,40000020,red,1.0,0.3895,timeout
refine_2200,circler,40000021,red,1.0,0.175,timeout
refine_2200,circler,40000022,red,1.0,0.142,timeout
refine_2200,circler,40000023,red,1.0,0.274,timeout
refine_2200,circler,40000024,red,1.0,0.241,timeout
refine_2200,circler,40000025,red,1.0,0.1915,timeout
refine_2200,circler,40000026,red,1.0,0.274,timeout
refine_2200,circler,40000027,red,1.0,0.1255,timeout
refine_2200,circler,40000028,red,1.0,0.109,timeout
refine_2200,circler,40000029,red,1.0,0.076,timeout
refine_2200,circler,40000030,red,1.0,0.2245,timeout
refine_2200,circler,40000031,red,1.0,0.1255,timeout
refine_2200,circler,40000032,red,1.0,0.208,timeout
refine_2200,circler,40000033,red,1.0,1.0,timeout
refine_2200,circler,40000034,red,1.0,0.307,timeout
refine_2200,circler,40000035,red,1.0,0.274,timeout
refine_2200,circler,40000036,red,1.0,0.2245,timeout
refine_2200,circler,40000037,red,1.0,0.142,timeout
refine_2200,circler,40000038,red,1.0,0.076,timeout
refine_2200,circler,40000039,red,1.0,0.1915,timeout
refine_2200,circler,40000000,blue,1.0,0.076,timeout
refine_2200,circler,40000001,blue,1.0,0.0925,timeout
refine_2200,circler,40000002,blue,1.0,0.241,timeout
refine_2200,circler,40000003,blue,1.0,0.0265,timeout
refine_2200,circler,40000004,blue,1.0,0.307,timeout
refine_2200,circler,40000005,blue,1.0,0.1255,timeout
refine_2200,circler,40000006,blue,1.0,0.208,timeout
refine_2200,circler,40000007,blue,1.0,0.1585,timeout
refine_2200,circler,40000008,blue,1.0,0.2245,timeout
refine_2200,circler,40000009,blue,1.0,1.0,timeout
refine_2200,circler,40000010,blue,1.0,0.307,timeout
refine_2200,circler,40000011,blue,1.0,0.208,timeout
refine_2200,circler,40000012,blue,1.0,0.076,timeout
refine_2200,circler,40000013,blue,1.0,0.109,timeout
refine_2200,circler,40000014,blue,1.0,0.241,timeout
refine_2200,circler,40000015,blue,1.0,0.109,timeout
refine_2200,circler,40000016,blue,1.0,0.1585,timeout
refine_2200,circler,40000017,blue,1.0,0.0925,timeout
refine_2200,circler,40000018,blue,1.0,0.769,timeout
refine_2200,circler,40000019,blue,1.0,0.1915,timeout
refine_2200,circler,40000020,blue,1.0,0.34,timeout
refine_2200,circler,40000021,blue,1.0,0.2245,timeout
refine_2200,circler,40000022,blue,1.0,0.241,timeout
refine_2200,circler,40000023,blue,1.0,0.142,timeout
refine_2200,circler,40000024,blue,1.0,0.142,timeout
refine_2200,circler,40000025,blue,1.0,0.1585,timeout
refine_2200,circler,40000026,blue,1.0,0.274,timeout
refine_2200,circler,40000027,blue,1.0,0.109,timeout
refine_2200,circler,40000028,blue,1.0,0.2575,timeout
refine_2200,circler,40000029,blue,1.0,0.142,timeout
refine_2200,circler,40000030,blue,1.0,0.2245,timeout
refine_2200,circler,40000031,blue,1.0,0.34,timeout
refine_2200,circler,40000032,blue,1.0,0.1585,timeout
refine_2200,circler,40000033,blue,1.0,0.274,timeout
refine_2200,circler,40000034,blue,1.0,0.373,timeout
refine_2200,circler,40000035,blue,1.0,0.3235,timeout
refine_2200,circler,40000036,blue,1.0,0.2575,timeout
refine_2200,circler,40000037,blue,1.0,0.6205,timeout
refine_2200,circler,40000038,blue,1.0,0.1915,timeout
refine_2200,circler,40000039,blue,1.0,1.0,timeout
refine_2200,ddqn_s0,40000000,red,1.0,0.0,kill
refine_2200,ddqn_s0,40000001,red,0.043,0.0,kill
refine_2200,ddqn_s0,40000002,red,1.0,0.0,kill
refine_2200,ddqn_s0,40000003,red,1.0,0.0,kill
refine_2200,ddqn_s0,40000004,red,0.703,0.0,kill
refine_2200,ddqn_s0,40000005,red,0.571,0.0,kill
refine_2200,ddqn_s0,40000006,red,1.0,0.0,kill
refine_2200,ddqn_s0,40000007,red,1.0,0.0,kill
refine_2200,ddqn_s0,40000008,red,0.901,0.0,kill
refine_2200,ddqn_s0,40000009,red,0.4885,0.0,kill
refine_2200,ddqn_s0,40000010,red,1.0,0.01,timeout
refine_2200,ddqn_s0,40000011,red,0.0,0.0,mutual
refine_2200,ddqn_s0,40000012,red,1.0,0.0,kill
refine_2200,ddqn_s0,40000013,red,1.0,0.0,kill
refine_2200,ddqn_s0,40000014,red,1.0,0.0,kill
refine_2200,ddqn_s0,40000015,red,0.01,0.0,mutual
refine_2200,ddqn_s0,40000016,red,1.0,0.0,kill
refine_2200,ddqn_s0,40000017,red,0.0,0.0,mutual
refine_2200,ddqn_s0,40000018,red,1.0,0.0,kill
refine_2200,ddqn_s0,40000019,red,0.0925,0.0,kill
refine_2200,ddqn_s0,40000020,red,0.0925,0.0,kill
refine_2200,ddqn_s0,40000021,red,1.0,0.0595,timeout
refine_2200,ddqn_s0,40000022,red,0.0,0.0,mutual
refine_2200,ddqn_s0,40000023,red,1.0,0.0,kill
refine_2200,ddqn_s0,40000024,red,0.0,0.0,mutual
refine_2200,ddqn_s0,40000025,red,1.0,0.0,kill
refine_2200,ddqn_s0,40000026,red,1.0,0.0,kill
refine_2200,ddqn_s0,40000027,red,1.0,0.0,kill
refine_2200,ddqn_s0,40000028,red,0.0595,0.0,kill
refine_2200,ddqn_s0,40000029,red,0.01,0.0,mutual
refine_2200,ddqn_s0,40000030,red,1.0,0.0,kill
refine_2200,ddqn_s0,40000031,red,0.0265,0.0,kill
refine_2200,ddqn_s0,40000032,red,0.01,0.0,mutual
refine_2200,ddqn_s0,40000033,red,0.0,0.0,mutual
refine_2200,ddqn_s0,40000034,red,0.4885,0.0,kill
refine_2200,ddqn_s0,40000035,red,0.4885,0.01,timeout
refine_2200,ddqn_s0,40000036,red,0.01,0.0,mutual
refine_2200,ddqn_s0,40000037,red,1.0,0.0,kill
refine_2200,ddqn_s0,40000038,red,0.0,0.0,mutual
refine_2200,ddqn_s0,40000039,red,0.01,0.0,mutual
refine_2200,ddqn_s0,40000000,blue,1.0,0.0,kill
refine_2200,ddqn_s0,40000001,blue,1.0,0.0,kill
refine_2200,ddqn_s0,40000002,blue,1.0,0.01,timeout
refine_2200,ddqn_s0,40000003,blue,0.8515,0.0,kill
refine_2200,ddqn_s0,40000004,blue,1.0,0.01,timeout
refine_2200,ddqn_s0,40000005,blue,0.3895,0.0265,timeout
refine_2200,ddqn_s0,40000006,blue,1.0,0.0,kill
refine_2200,ddqn_s0,40000007,blue,0.0265,0.0,kill
refine_2200,ddqn_s0,40000008,blue,1.0,0.0,kill
refine_2200,ddqn_s0,40000009,blue,1.0,0.0,kill
refine_2200,ddqn_s0,40000010,blue,1.0,0.0,kill
refine_2200,ddqn_s0,40000011,blue,0.0,0.0,mutual
refine_2200,ddqn_s0,40000012,blue,0.175,1.0,timeout
refine_2200,ddqn_s0,40000013,blue,0.0265,0.0,kill
refine_2200,ddqn_s0,40000014,blue,0.01,0.0,mutual
refine_2200,ddqn_s0,40000015,blue,0.373,0.0,kill
refine_2200,ddqn_s0,40000016,blue,0.208,0.0,kill
refine_2200,ddqn_s0,40000017,blue,0.043,0.0,kill
refine_2200,ddqn_s0,40000018,blue,1.0,0.0,kill
refine_2200,ddqn_s0,40000019,blue,1.0,0.0,kill
refine_2200,ddqn_s0,40000020,blue,0.0265,0.0,kill
refine_2200,ddqn_s0,40000021,blue,1.0,0.0,kill
refine_2200,ddqn_s0,40000022,blue,0.6865,0.0,kill
refine_2200,ddqn_s0,40000023,blue,1.0,0.01,timeout
refine_2200,ddqn_s0,40000024,blue,0.0265,0.0,kill
refine_2200,ddqn_s0,40000025,blue,1.0,0.0,kill
refine_2200,ddqn_s0,40000026,blue,1.0,0.0,kill
refine_2200,ddqn_s0,40000027,blue,1.0,0.0,kill
refine_2200,ddqn_s0,40000028,blue,1.0,0.0,kill
refine_2200,ddqn_s0,40000029,blue,1.0,0.0,kill
refine_2200,ddqn_s0,40000030,blue,1.0,1.0,timeout
refine_2200,ddqn_s0,40000031,blue,1.0,0.0,kill
refine_2200,ddqn_s0,40000032,blue,0.0595,0.0,kill
refine_2200,ddqn_s0,40000033,blue,0.0,0.0,mutual
refine_2200,ddqn_s0,40000034,blue,1.0,0.0,kill
refine_2200,ddqn_s0,40000035,blue,1.0,0.0,kill
refine_2200,ddqn_s0,40000036,blue,0.1255,0.0,kill
refine_2200,ddqn_s0,40000037,blue,0.1585,0.0,kill
refine_2200,ddqn_s0,40000038,blue,1.0,0.0925,timeout
refine_2200,ddqn_s0,40000039,blue,0.538,0.01,timeout
